Grain,Target_Country,Target_City_Hub,Role_Family,Role_Name,Experience_Band,Role_Scarcity_Band,Sample_Size,Benchmark_INR_P25,Benchmark_INR_Median,Benchmark_INR_P75,Benchmark_INR_Mean,Benchmark_Mumbai_P25,Benchmark_Mumbai_Median,Benchmark_Mumbai_P75,Benchmark_Mumbai_Mean,Benchmark_Delhi_NCR_P25,Benchmark_Delhi_NCR_Median,Benchmark_Delhi_NCR_P75,Benchmark_Delhi_NCR_Mean,Benchmark_Hyderabad_P25,Benchmark_Hyderabad_Median,Benchmark_Hyderabad_P75,Benchmark_Hyderabad_Mean,Benchmark_Chennai_P25,Benchmark_Chennai_Median,Benchmark_Chennai_P75,Benchmark_Chennai_Mean,Benchmark_Pune_P25,Benchmark_Pune_Median,Benchmark_Pune_P75,Benchmark_Pune_Mean,US_Pay_USD_Median,Gamma_Exp_Mode,Omega_Role,Currency
Role_x_Experience,India,Multi-Metro Calibrated,AI Engineering,AI Engineer,Entry (0-2 Years),Standard,5,1779000,3335000,3391000,2814000,1867950,3501750,3560550,2954700,1690050,3168250,3221450,2673300,1601100,3001500,3051900,2532600,1512150,2834750,2882350,2391900,1565520,2934800,2984080,2476320,90000.0,1.0,1.05,INR
Role_x_Experience,India,Multi-Metro Calibrated,AI Engineering,AI Engineer,Executive (15+ Years),Standard,17,8900000,13122000,16414000,13533000,9345000,13778100,17234700,14209650,8455000,12465900,15593300,12856350,8010000,11809800,14772600,12179700,7565000,11153700,13951900,11503050,7832000,11547360,14444320,11909040,203800.0,1.63,1.05,INR
Role_x_Experience,India,Multi-Metro Calibrated,AI Engineering,AI Engineer,Lead / Staff (10-14 Years),Standard,72,10728000,13660000,15310000,13549000,11264400,14343000,16075500,14226450,10191600,12977000,14544500,12871550,9655200,12294000,13779000,12194100,9118800,11611000,13013500,11516650,9440640,12020800,13472800,11923120,210208.5,1.455,1.05,INR
Role_x_Experience,India,Multi-Metro Calibrated,AI Engineering,AI Engineer,Mid (3-5 Years),Standard,3,5095000,5095000,6824000,6248000,5349750,5349750,7165200,6560400,4840250,4840250,6482800,5935600,4585500,4585500,6141600,5623200,4330750,4330750,5800400,5310800,4483600,4483600,6005120,5498240,120598.5,1.14,1.05,INR
Role_x_Experience,India,Multi-Metro Calibrated,AI Engineering,AI Engineer,Senior (6-9 Years),Standard,197,4528000,5692000,9094000,6755000,4754400,5976600,9548700,7092750,4301600,5407400,8639300,6417250,4075200,5122800,8184600,6079500,3848800,4838200,7729900,5741750,3984640,5008960,8002720,5944400,120681.0,1.28,1.05,INR
Role_x_Experience,India,Multi-Metro Calibrated,AI Engineering,AI Platform Engineer,Executive (15+ Years),Standard,5,11013000,20135000,22366000,17040000,11563650,21141750,23484300,17892000,10462350,19128250,21247700,16188000,9911700,18121500,20129400,15336000,9361050,17114750,19011100,14484000,9691440,17718800,19682080,14995200,250000.0,1.63,1.05,INR
Role_x_Experience,India,Multi-Metro Calibrated,AI Engineering,AI Platform Engineer,Lead / Staff (10-14 Years),Standard,16,12454000,17604000,20580000,17883000,13076700,18484200,21609000,18777150,11831300,16723800,19551000,16988850,11208600,15843600,18522000,16094700,10585900,14963400,17493000,15200550,10959520,15491520,18110400,15737040,261790.0,1.455,1.05,INR
Role_x_Experience,India,Multi-Metro Calibrated,AI Engineering,AI Platform Engineer,Senior (6-9 Years),Standard,22,7684000,9340000,11556000,9401000,8068200,9807000,12133800,9871050,7299800,8873000,10978200,8930950,6915600,8406000,10400400,8460900,6531400,7939000,9822600,7990850,6761920,8219200,10169280,8272880,195268.0,1.28,1.05,INR
Role_x_Experience,India,Multi-Metro Calibrated,AI Engineering,AI Product Manager,Executive (15+ Years),Standard,41,7555000,11938000,15974000,12127000,7932750,12534900,16772700,12733350,7177250,11341100,15175300,11520650,6799500,10744200,14376600,10914300,6421750,10147300,13577900,10307950,6648400,10505440,14057120,10671760,170000.0,1.63,1.05,INR
Role_x_Experience,India,Multi-Metro Calibrated,AI Engineering,Principal - Ai Engineering,Lead / Staff (10-14 Years),Standard,1,12314000,12314000,12314000,12314000,12929700,12929700,12929700,12929700,11698300,11698300,11698300,11698300,11082600,11082600,11082600,11082600,10466900,10466900,10466900,10466900,10836320,10836320,10836320,10836320,241800.0,1.455,1.05,INR
Role_x_Experience,India,Multi-Metro Calibrated,AI Engineering,Principal Data / Ai Engineering,Lead / Staff (10-14 Years),Standard,2,12760000,13249000,13738000,13249000,13398000,13911450,14424900,13911450,12122000,12586550,13051100,12586550,11484000,11924100,12364200,11924100,10846000,11261650,11677300,11261650,11228800,11659120,12089440,11659120,184283.82,1.455,1.05,INR
Role_x_Experience,India,Multi-Metro Calibrated,AI Engineering,Principal Data/ Ai Engineering,Lead / Staff (10-14 Years),Standard,3,13026000,13472000,13472000,13175000,13677300,14145600,14145600,13833750,12374700,12798400,12798400,12516250,11723400,12124800,12124800,11857500,11072100,11451200,11451200,11198750,11462880,11855360,11855360,11594000,187393.0,1.455,1.05,INR
Role_x_Experience,India,Multi-Metro Calibrated,AI Engineering,Principal Data/Ai Engineering,Lead / Staff (10-14 Years),Standard,13,12112000,12537000,13594000,12843000,12717600,13163850,14273700,13485150,11506400,11910150,12914300,12200850,10900800,11283300,12234600,11558700,10295200,10656450,11554900,10916550,10658560,11032560,11962720,11301840,174379.91,1.455,1.05,INR
Role_x_Experience,India,Multi-Metro Calibrated,AI Engineering,Principal Engineer “ Gen Ai Engineering,Lead / Staff (10-14 Years),Standard,1,11287000,11287000,11287000,11287000,11851350,11851350,11851350,11851350,10722650,10722650,10722650,10722650,10158300,10158300,10158300,10158300,9593950,9593950,9593950,9593950,9932560,9932560,9932560,9932560,156998.0,1.455,1.05,INR
Role_x_Experience,India,Multi-Metro Calibrated,AI Research,AI Research Scientist,Entry (0-2 Years),Specialized AI,277,1470000,1753000,2700000,2161000,1543500,1840650,2835000,2269050,1396500,1665350,2565000,2052950,1323000,1577700,2430000,1944900,1249500,1490050,2295000,1836850,1293600,1542640,2376000,1901680,80340.0,1.0,1.15,INR
Role_x_Experience,India,Multi-Metro Calibrated,AI Research,AI Research Scientist,Executive (15+ Years),Specialized AI,172,9694000,14568000,17201000,14556000,10178700,15296400,18061050,15283800,9209300,13839600,16340950,13828200,8724600,13111200,15480900,13100400,8239900,12382800,14620850,12372600,8530720,12819840,15136880,12809280,179000.0,1.63,1.15,INR
Role_x_Experience,India,Multi-Metro Calibrated,AI Research,AI Research Scientist,Lead / Staff (10-14 Years),Specialized AI,1056,11153000,14220000,17760000,14280000,11710650,14931000,18648000,14994000,10595350,13509000,16872000,13566000,10037700,12798000,15984000,12852000,9480050,12087000,15096000,12138000,9814640,12513600,15628800,12566400,209349.5,1.455,1.15,INR
Role_x_Experience,India,Multi-Metro Calibrated,AI Research,AI Research Scientist,Mid (3-5 Years),Specialized AI,91,1999000,2383000,4810000,3558000,2098950,2502150,5050500,3735900,1899050,2263850,4569500,3380100,1799100,2144700,4329000,3202200,1699150,2025550,4088500,3024300,1759120,2097040,4232800,3131040,85848.0,1.14,1.15,INR
Role_x_Experience,India,Multi-Metro Calibrated,AI Research,AI Research Scientist,Senior (6-9 Years),Specialized AI,4620,2455000,5975000,10716000,7117000,2577750,6273750,11251800,7472850,2332250,5676250,10180200,6761150,2209500,5377500,9644400,6405300,2086750,5078750,9108600,6049450,2160400,5258000,9430080,6262960,120013.0,1.28,1.15,INR
Role_x_Experience,India,Multi-Metro Calibrated,AI Research,Applied AI / Applied Scientist,Executive (15+ Years),Specialized AI,5,18401000,20289000,20289000,19582000,19321050,21303450,21303450,20561100,17480950,19274550,19274550,18602900,16560900,18260100,18260100,17623800,15640850,17245650,17245650,16644700,16192880,17854320,17854320,17232160,258328.0,1.63,1.15,INR
Role_x_Experience,India,Multi-Metro Calibrated,AI Research,Applied AI / Applied Scientist,Lead / Staff (10-14 Years),Specialized AI,89,12842000,14942000,16383000,15014000,13484100,15689100,17202150,15764700,12199900,14194900,15563850,14263300,11557800,13447800,14744700,13512600,10915700,12700700,13925550,12761900,11300960,13148960,14417040,13212320,219400.0,1.455,1.15,INR
Role_x_Experience,India,Multi-Metro Calibrated,AI Research,Applied AI / Applied Scientist,Senior (6-9 Years),Specialized AI,1339,8912000,9728000,11142000,10113000,9357600,10214400,11699100,10618650,8466400,9241600,10584900,9607350,8020800,8755200,10027800,9101700,7575200,8268800,9470700,8596050,7842560,8560640,9804960,8899440,178800.0,1.28,1.15,INR
Role_x_Experience,India,Multi-Metro Calibrated,AI Research,Research Engineer,Entry (0-2 Years),Specialized AI,16,1630000,1792000,2269000,2245000,1711500,1881600,2382450,2357250,1548500,1702400,2155550,2132750,1467000,1612800,2042100,2020500,1385500,1523200,1928650,1908250,1434400,1576960,1996720,1975600,80000.0,1.0,1.15,INR
Role_x_Experience,India,Multi-Metro Calibrated,AI Research,Research Engineer,Executive (15+ Years),Specialized AI,22,8931000,14273000,17726000,14172000,9377550,14986650,18612300,14880600,8484450,13559350,16839700,13463400,8037900,12845700,15953400,12754800,7591350,12132050,15067100,12046200,7859280,12560240,15598880,12471360,203075.0,1.63,1.15,INR
Role_x_Experience,India,Multi-Metro Calibrated,AI Research,Research Engineer,Lead / Staff (10-14 Years),Specialized AI,161,11387000,13944000,18268000,14886000,11956350,14641200,19181400,15630300,10817650,13246800,17354600,14141700,10248300,12549600,16441200,13397400,9678950,11852400,15527800,12653100,10020560,12270720,16075840,13099680,220000.0,1.455,1.15,INR
Role_x_Experience,India,Multi-Metro Calibrated,AI Research,Research Engineer,Mid (3-5 Years),Specialized AI,14,2000000,3595000,3701000,2961000,2100000,3774750,3886050,3109050,1900000,3415250,3515950,2812950,1800000,3235500,3330900,2664900,1700000,3055750,3145850,2516850,1760000,3163600,3256880,2605680,91405.5,1.14,1.15,INR
Role_x_Experience,India,Multi-Metro Calibrated,AI Research,Research Engineer,Senior (6-9 Years),Specialized AI,549,4722000,6338000,10910000,7545000,4958100,6654900,11455500,7922250,4485900,6021100,10364500,7167750,4249800,5704200,9819000,6790500,4013700,5387300,9273500,6413250,4155360,5577440,9600800,6639600,124000.0,1.28,1.15,INR
Role_x_Experience,India,Multi-Metro Calibrated,Computer Vision,Computer Vision Engineer,Executive (15+ Years),Specialized AI,9,12747000,14423000,15605000,13891000,13384350,15144150,16385250,14585550,12109650,13701850,14824750,13196450,11472300,12980700,14044500,12501900,10834950,12259550,13264250,11807350,11217360,12692240,13732400,12224080,176899.84,1.63,1.15,INR
Role_x_Experience,India,Multi-Metro Calibrated,Computer Vision,Computer Vision Engineer,Lead / Staff (10-14 Years),Specialized AI,38,11726000,13268000,15937000,14531000,12312300,13931400,16733850,15257550,11139700,12604600,15140150,13804450,10553400,11941200,14343300,13077900,9967100,11277800,13546450,12351350,10318880,11675840,14024560,12787280,207297.5,1.455,1.15,INR
Role_x_Experience,India,Multi-Metro Calibrated,Computer Vision,Computer Vision Engineer,Senior (6-9 Years),Specialized AI,110,5715000,9372000,10576000,8659000,6000750,9840600,11104800,9091950,5429250,8903400,10047200,8226050,5143500,8434800,9518400,7793100,4857750,7966200,8989600,7360150,5029200,8247360,9306880,7619920,149663.12,1.28,1.15,INR
Role_x_Experience,India,Multi-Metro Calibrated,Data Engineering,Analytics Engineer,Entry (0-2 Years),Baseline,2,2096000,2298000,2501000,2298000,2200800,2412900,2626050,2412900,1991200,2183100,2375950,2183100,1886400,2068200,2250900,2068200,1781600,1953300,2125850,1953300,1844480,2022240,2200880,2022240,98765.25,1.0,1.0,INR
Role_x_Experience,India,Multi-Metro Calibrated,Data Engineering,Analytics Engineer,Executive (15+ Years),Baseline,34,9869000,12472000,14330000,12158000,10362450,13095600,15046500,12765900,9375550,11848400,13613500,11550100,8882100,11224800,12897000,10942200,8388650,10601200,12180500,10334300,8684720,10975360,12610400,10699040,175000.0,1.63,1.0,INR
Role_x_Experience,India,Multi-Metro Calibrated,Data Engineering,Analytics Engineer,Lead / Staff (10-14 Years),Baseline,76,8800000,10397000,12338000,10380000,9240000,10916850,12954900,10899000,8360000,9877150,11721100,9861000,7920000,9357300,11104200,9342000,7480000,8837450,10487300,8823000,7744000,9149360,10857440,9134400,169703.4,1.455,1.0,INR
Role_x_Experience,India,Multi-Metro Calibrated,Data Engineering,Analytics Engineer,Mid (3-5 Years),Baseline,1,3621000,3621000,3621000,3621000,3802050,3802050,3802050,3802050,3439950,3439950,3439950,3439950,3258900,3258900,3258900,3258900,3077850,3077850,3077850,3077850,3186480,3186480,3186480,3186480,90000.0,1.14,1.0,INR
Role_x_Experience,India,Multi-Metro Calibrated,Data Engineering,Analytics Engineer,Senior (6-9 Years),Baseline,250,4585000,5300000,7658000,6057000,4814250,5565000,8040900,6359850,4355750,5035000,7275100,5754150,4126500,4770000,6892200,5451300,3897250,4505000,6509300,5148450,4034800,4664000,6739040,5330160,124845.0,1.28,1.0,INR
Role_x_Experience,India,Multi-Metro Calibrated,Data Engineering,Data Engineer,Entry (0-2 Years),Baseline,56,1726000,3239000,3843000,3093000,1812300,3400950,4035150,3247650,1639700,3077050,3650850,2938350,1553400,2915100,3458700,2783700,1467100,2753150,3266550,2629050,1518880,2850320,3381840,2721840,93496.43,1.0,1.0,INR
Role_x_Experience,India,Multi-Metro Calibrated,Data Engineering,Data Engineer,Executive (15+ Years),Baseline,1282,10349000,12273000,14120000,12164000,10866450,12886650,14826000,12772200,9831550,11659350,13414000,11555800,9314100,11045700,12708000,10947600,8796650,10432050,12002000,10339400,9107120,10800240,12425600,10704320,167651.66,1.63,1.0,INR
Role_x_Experience,India,Multi-Metro Calibrated,Data Engineering,Data Engineer,Lead / Staff (10-14 Years),Baseline,2279,10242000,11072000,12592000,11467000,10754100,11625600,13221600,12040350,9729900,10518400,11962400,10893650,9217800,9964800,11332800,10320300,8705700,9411200,10703200,9746950,9012960,9743360,11080960,10090960,170136.0,1.455,1.0,INR
Role_x_Experience,India,Multi-Metro Calibrated,Data Engineering,Data Engineer,Mid (3-5 Years),Baseline,22,3832000,4234000,4592000,4061000,4023600,4445700,4821600,4264050,3640400,4022300,4362400,3857950,3448800,3810600,4132800,3654900,3257200,3598900,3903200,3451850,3372160,3725920,4040960,3573680,106717.5,1.14,1.0,INR
Role_x_Experience,India,Multi-Metro Calibrated,Data Engineering,Data Engineer,Senior (6-9 Years),Baseline,8874,4663000,5647000,8462000,6253000,4896150,5929350,8885100,6565650,4429850,5364650,8038900,5940350,4196700,5082300,7615800,5627700,3963550,4799950,7192700,5315050,4103440,4969360,7446560,5502640,128000.0,1.28,1.0,INR
Role_x_Experience,India,Multi-Metro Calibrated,Data Science,Data Scientist,Entry (0-2 Years),Standard,346,1645000,1960000,3591000,2777000,1727250,2058000,3770550,2915850,1562750,1862000,3411450,2638150,1480500,1764000,3231900,2499300,1398250,1666000,3052350,2360450,1447600,1724800,3160080,2443760,88418.5,1.0,1.05,INR
Role_x_Experience,India,Multi-Metro Calibrated,Data Science,Data Scientist,Executive (15+ Years),Standard,5330,7853000,11890000,14172000,11397000,8245650,12484500,14880600,11966850,7460350,11295500,13463400,10827150,7067700,10701000,12754800,10257300,6675050,10106500,12046200,9687450,6910640,10463200,12471360,10029360,157309.5,1.63,1.05,INR
Role_x_Experience,India,Multi-Metro Calibrated,Data Science,Data Scientist,Lead / Staff (10-14 Years),Standard,5131,10390000,11683000,13700000,12019000,10909500,12267150,14385000,12619950,9870500,11098850,13015000,11418050,9351000,10514700,12330000,10817100,8831500,9930550,11645000,10216150,9143200,10281040,12056000,10576720,178034.83,1.455,1.05,INR
Role_x_Experience,India,Multi-Metro Calibrated,Data Science,Data Scientist,Mid (3-5 Years),Standard,434,4055000,4647000,5608000,4923000,4257750,4879350,5888400,5169150,3852250,4414650,5327600,4676850,3649500,4182300,5047200,4430700,3446750,3949950,4766800,4184550,3568400,4089360,4935040,4332240,116575.0,1.14,1.05,INR
Role_x_Experience,India,Multi-Metro Calibrated,Data Science,Data Scientist,Senior (6-9 Years),Standard,26673,4269000,5311000,7840000,5935000,4482450,5576550,8232000,6231750,4055550,5045450,7448000,5638250,3842100,4779900,7056000,5341500,3628650,4514350,6664000,5044750,3756720,4673680,6899200,5222800,117291.0,1.28,1.05,INR
Role_x_Experience,India,Multi-Metro Calibrated,Deep Learning,Deep Learning Engineer,Executive (15+ Years),GenAI Premium,2,12531000,13722000,14914000,13722000,13157550,14408100,15659700,14408100,11904450,13035900,14168300,13035900,11277900,12349800,13422600,12349800,10651350,11663700,12676900,11663700,11027280,12075360,13124320,12075360,163990.5,1.63,1.25,INR
Role_x_Experience,India,Multi-Metro Calibrated,Deep Learning,Deep Learning Engineer,Lead / Staff (10-14 Years),GenAI Premium,11,17465000,17888000,19835000,18556000,18338250,18782400,20826750,19483800,16591750,16993600,18843250,17628200,15718500,16099200,17851500,16700400,14845250,15204800,16859750,15772600,15369200,15741440,17454800,16329280,210000.0,1.455,1.25,INR
Role_x_Experience,India,Multi-Metro Calibrated,Deep Learning,Deep Learning Engineer,Senior (6-9 Years),GenAI Premium,25,7402000,11294000,14255000,10853000,7772100,11858700,14967750,11395650,7031900,10729300,13542250,10310350,6661800,10164600,12829500,9767700,6291700,9599900,12116750,9225050,6513760,9938720,12544400,9550640,166000.0,1.28,1.25,INR
Role_x_Experience,India,Multi-Metro Calibrated,Generative AI,Generative AI Engineer,Executive (15+ Years),GenAI Premium,27,10745000,14382000,17176000,14844000,11282250,15101100,18034800,15586200,10207750,13662900,16317200,14101800,9670500,12943800,15458400,13359600,9133250,12224700,14599600,12617400,9455600,12656160,15114880,13062720,162192.0,1.63,1.25,INR
Role_x_Experience,India,Multi-Metro Calibrated,Generative AI,Generative AI Engineer,Lead / Staff (10-14 Years),GenAI Premium,43,14039000,15834000,18714000,16781000,14740950,16625700,19649700,17620050,13337050,15042300,17778300,15941950,12635100,14250600,16842600,15102900,11933150,13458900,15906900,14263850,12354320,13933920,16468320,14767280,195326.5,1.455,1.25,INR
Role_x_Experience,India,Multi-Metro Calibrated,Generative AI,Generative AI Engineer,Senior (6-9 Years),GenAI Premium,123,5986000,7059000,11520000,8667000,6285300,7411950,12096000,9100350,5686700,6706050,10944000,8233650,5387400,6353100,10368000,7800300,5088100,6000150,9792000,7366950,5267680,6211920,10137600,7626960,125000.0,1.28,1.25,INR
Role_x_Experience,India,Multi-Metro Calibrated,Machine Learning,MLOps Engineer,Executive (15+ Years),ML Premium,12,12170000,14728000,15732000,13522000,12778500,15464400,16518600,14198100,11561500,13991600,14945400,12845900,10953000,13255200,14158800,12169800,10344500,12518800,13372200,11493700,10709600,12960640,13844160,11899360,160000.0,1.63,1.2,INR
Role_x_Experience,India,Multi-Metro Calibrated,Machine Learning,MLOps Engineer,Lead / Staff (10-14 Years),ML Premium,9,14974000,18076000,20541000,17336000,15722700,18979800,21568050,18202800,14225300,17172200,19513950,16469200,13476600,16268400,18486900,15602400,12727900,15364600,17459850,14735600,13177120,15906880,18076080,15255680,220000.0,1.455,1.2,INR
Role_x_Experience,India,Multi-Metro Calibrated,Machine Learning,MLOps Engineer,Senior (6-9 Years),ML Premium,36,4966000,5920000,7570000,6598000,5214300,6216000,7948500,6927900,4717700,5624000,7191500,6268100,4469400,5328000,6813000,5938200,4221100,5032000,6434500,5608300,4370080,5209600,6661600,5806240,111907.5,1.28,1.2,INR
Role_x_Experience,India,Multi-Metro Calibrated,Machine Learning,Machine Learning Engineer,Entry (0-2 Years),ML Premium,12,2131000,3832000,4235000,3310000,2237550,4023600,4446750,3475500,2024450,3640400,4023250,3144500,1917900,3448800,3811500,2979000,1811350,3257200,3599750,2813500,1875280,3372160,3726800,2912800,90480.0,1.0,1.2,INR
Role_x_Experience,India,Multi-Metro Calibrated,Machine Learning,Machine Learning Engineer,Executive (15+ Years),ML Premium,245,15538000,18184000,23159000,19243000,16314900,19093200,24316950,20205150,14761100,17274800,22001050,18280850,13984200,16365600,20843100,17318700,13207300,15456400,19685150,16356550,13673440,16001920,20379920,16933840,228668.5,1.63,1.2,INR
Role_x_Experience,India,Multi-Metro Calibrated,Machine Learning,Machine Learning Engineer,Lead / Staff (10-14 Years),ML Premium,1344,13846000,16269000,19788000,17023000,14538300,17082450,20777400,17874150,13153700,15455550,18798600,16171850,12461400,14642100,17809200,15320700,11769100,13828650,16819800,14469550,12184480,14316720,17413440,14980240,230773.0,1.455,1.2,INR
Role_x_Experience,India,Multi-Metro Calibrated,Machine Learning,Machine Learning Engineer,Mid (3-5 Years),ML Premium,5,4875000,5746000,7980000,6554000,5118750,6033300,8379000,6881700,4631250,5458700,7581000,6226300,4387500,5171400,7182000,5898600,4143750,4884100,6783000,5570900,4290000,5056480,7022400,5767520,140000.0,1.14,1.2,INR
Role_x_Experience,India,Multi-Metro Calibrated,Machine Learning,Machine Learning Engineer,Senior (6-9 Years),ML Premium,2782,8854000,11364000,13790000,11390000,9296700,11932200,14479500,11959500,8411300,10795800,13100500,10820500,7968600,10227600,12411000,10251000,7525900,9659400,11721500,9681500,7791520,10000320,12135200,10023200,184150.0,1.28,1.2,INR
Role_x_Experience,India,Multi-Metro Calibrated,NLP,NLP Engineer,Executive (15+ Years),Specialized AI,4,7854000,8402000,10354000,9806000,8246700,8822100,10871700,10296300,7461300,7981900,9836300,9315700,7068600,7561800,9318600,8825400,6675900,7141700,8800900,8335100,6911520,7393760,9111520,8629280,127000.0,1.63,1.15,INR
Role_x_Experience,India,Multi-Metro Calibrated,NLP,NLP Engineer,Lead / Staff (10-14 Years),Specialized AI,3,11754000,12131000,13152000,12561000,12341700,12737550,13809600,13189050,11166300,11524450,12494400,11932950,10578600,10917900,11836800,11304900,9990900,10311350,11179200,10676850,10343520,10675280,11573760,11053680,170000.0,1.455,1.15,INR
Role_x_Experience,India,Multi-Metro Calibrated,NLP,NLP Engineer,Mid (3-5 Years),Specialized AI,1,4164000,4164000,4164000,4164000,4372200,4372200,4372200,4372200,3955800,3955800,3955800,3955800,3747600,3747600,3747600,3747600,3539400,3539400,3539400,3539400,3664320,3664320,3664320,3664320,90000.0,1.14,1.15,INR
Role_x_Experience,India,Multi-Metro Calibrated,NLP,NLP Engineer,Senior (6-9 Years),Specialized AI,29,5086000,8027000,10855000,7900000,5340300,8428350,11397750,8295000,4831700,7625650,10312250,7505000,4577400,7224300,9769500,7110000,4323100,6822950,9226750,6715000,4475680,7063760,9552400,6952000,149968.0,1.28,1.15,INR
Role_x_Experience,India,Multi-Metro Calibrated,Other AI/Tech,AI Architect,Executive (15+ Years),Standard,1,16456000,16456000,16456000,16456000,17278800,17278800,17278800,17278800,15633200,15633200,15633200,15633200,14810400,14810400,14810400,14810400,13987600,13987600,13987600,13987600,14481280,14481280,14481280,14481280,204321.0,1.63,1.05,INR
Role_x_Experience,India,Multi-Metro Calibrated,Other AI/Tech,AI Architect,Lead / Staff (10-14 Years),Standard,8,9432000,10473000,13911000,11148000,9903600,10996650,14606550,11705400,8960400,9949350,13215450,10590600,8488800,9425700,12519900,10033200,8017200,8902050,11824350,9475800,8300160,9216240,12241680,9810240,145673.25,1.455,1.05,INR
Role_x_Experience,India,Multi-Metro Calibrated,Other AI/Tech,AI Architect,Senior (6-9 Years),Standard,6,5939000,6218000,9288000,7366000,6235950,6528900,9752400,7734300,5642050,5907100,8823600,6997700,5345100,5596200,8359200,6629400,5048150,5285300,7894800,6261100,5226320,5471840,8173440,6482080,131100.0,1.28,1.05,INR
Role_x_Experience,India,Multi-Metro Calibrated,Other AI/Tech,AI Consultant,Executive (15+ Years),Standard,1,8276000,8276000,8276000,8276000,8689800,8689800,8689800,8689800,7862200,7862200,7862200,7862200,7448400,7448400,7448400,7448400,7034600,7034600,7034600,7034600,7282880,7282880,7282880,7282880,137000.0,1.63,1.05,INR
Role_x_Experience,India,Multi-Metro Calibrated,Other AI/Tech,AI Consultant,Lead / Staff (10-14 Years),Standard,2,12603000,12603000,12603000,12603000,13233150,13233150,13233150,13233150,11972850,11972850,11972850,11972850,11342700,11342700,11342700,11342700,10712550,10712550,10712550,10712550,11090640,11090640,11090640,11090640,175299.0,1.455,1.05,INR
Role_x_Experience,India,Multi-Metro Calibrated,Other AI/Tech,AI Consultant,Senior (6-9 Years),Standard,4,3286000,4069000,4596000,3812000,3450300,4272450,4825800,4002600,3121700,3865550,4366200,3621400,2957400,3662100,4136400,3430800,2793100,3458650,3906600,3240200,2891680,3580720,4044480,3354560,100913.25,1.28,1.05,INR
Role_x_Experience,India,Multi-Metro Calibrated,Other AI/Tech,Ai Specialist,Senior (6-9 Years),Standard,1,1964000,1964000,1964000,1964000,2062200,2062200,2062200,2062200,1865800,1865800,1865800,1865800,1767600,1767600,1767600,1767600,1669400,1669400,1669400,1669400,1728320,1728320,1728320,1728320,69000.0,1.28,1.05,INR
Role_x_Experience,India,Multi-Metro Calibrated,Other AI/Tech,Ai/Ml Specialist,Senior (6-9 Years),Standard,1,4990000,4990000,4990000,4990000,5239500,5239500,5239500,5239500,4740500,4740500,4740500,4740500,4491000,4491000,4491000,4491000,4241500,4241500,4241500,4241500,4391200,4391200,4391200,4391200,105206.0,1.28,1.05,INR
Role_x_Experience,India,Multi-Metro Calibrated,Other AI/Tech,Aml Specialist “ Fiu Analyst,Senior (6-9 Years),Standard,1,4495000,4495000,4495000,4495000,4719750,4719750,4719750,4719750,4270250,4270250,4270250,4270250,4045500,4045500,4045500,4045500,3820750,3820750,3820750,3820750,3955600,3955600,3955600,3955600,128211.0,1.28,1.05,INR
Role_x_Experience,India,Multi-Metro Calibrated,Other AI/Tech,"Assoc. Principal, Identity & Access Mgmt Systems (Sailpoint)",Lead / Staff (10-14 Years),Standard,2,10812000,10812000,10812000,10812000,11352600,11352600,11352600,11352600,10271400,10271400,10271400,10271400,9730800,9730800,9730800,9730800,9190200,9190200,9190200,9190200,9514560,9514560,9514560,9514560,150385.5,1.455,1.05,INR
Role_x_Experience,India,Multi-Metro Calibrated,Other AI/Tech,"Associate Principal Scientist, Medical Affairs",Lead / Staff (10-14 Years),Standard,2,15673000,15673000,15673000,15673000,16456650,16456650,16456650,16456650,14889350,14889350,14889350,14889350,14105700,14105700,14105700,14105700,13322050,13322050,13322050,13322050,13792240,13792240,13792240,13792240,218000.0,1.455,1.05,INR
Role_x_Experience,India,Multi-Metro Calibrated,Other AI/Tech,"Associate Staff, Advanced Heart Failure Cardiologist",Lead / Staff (10-14 Years),Standard,1,28758000,28758000,28758000,28758000,30195900,30195900,30195900,30195900,27320100,27320100,27320100,27320100,25882200,25882200,25882200,25882200,24444300,24444300,24444300,24444300,25307040,25307040,25307040,25307040,400000.0,1.455,1.05,INR
Role_x_Experience,India,Multi-Metro Calibrated,Other AI/Tech,Digital Learning And Ai Specialist,Senior (6-9 Years),Standard,1,2277000,2277000,2277000,2277000,2390850,2390850,2390850,2390850,2163150,2163150,2163150,2163150,2049300,2049300,2049300,2049300,1935450,1935450,1935450,1935450,2003760,2003760,2003760,2003760,80000.0,1.28,1.05,INR
Role_x_Experience,India,Multi-Metro Calibrated,Other AI/Tech,Director of AI,Executive (15+ Years),Standard,15,14588000,17301000,20374000,16510000,15317400,18166050,21392700,17335500,13858600,16435950,19355300,15684500,13129200,15570900,18336600,14859000,12399800,14705850,17317900,14033500,12837440,15224880,17929120,14528800,233029.0,1.63,1.05,INR
Role_x_Experience,India,Multi-Metro Calibrated,Other AI/Tech,Founding Chief Of Staff-Ai Systems,Lead / Staff (10-14 Years),Standard,1,12941000,12941000,12941000,12941000,13588050,13588050,13588050,13588050,12293950,12293950,12293950,12293950,11646900,11646900,11646900,11646900,10999850,10999850,10999850,10999850,11388080,11388080,11388080,11388080,180000.0,1.455,1.05,INR
Role_x_Experience,India,Multi-Metro Calibrated,Other AI/Tech,Gen Ai Specialist,Senior (6-9 Years),Standard,3,6256000,10120000,10689000,7924000,6568800,10626000,11223450,8320200,5943200,9614000,10154550,7527800,5630400,9108000,9620100,7131600,5317600,8602000,9085650,6735400,5505280,8905600,9406320,6973120,160000.0,1.28,1.05,INR
Role_x_Experience,India,Multi-Metro Calibrated,Other AI/Tech,Head of AI,Executive (15+ Years),Standard,16,13063000,15238000,18584000,17141000,13716150,15999900,19513200,17998050,12409850,14476100,17654800,16283950,11756700,13714200,16725600,15426900,11103550,12952300,15796400,14569850,11495440,13409440,16353920,15084080,240000.0,1.63,1.05,INR
Role_x_Experience,India,Multi-Metro Calibrated,Other AI/Tech,House Staff Postdoctoral Clinical Trainee,Lead / Staff (10-14 Years),Standard,1,2245000,2245000,2245000,2245000,2357250,2357250,2357250,2357250,2132750,2132750,2132750,2132750,2020500,2020500,2020500,2020500,1908250,1908250,1908250,1908250,1975600,1975600,1975600,1975600,69400.0,1.455,1.05,INR
Role_x_Experience,India,Multi-Metro Calibrated,Other AI/Tech,Job Posting Title Associate Principal Engineer - Ai,Lead / Staff (10-14 Years),Standard,1,15457000,15457000,15457000,15457000,16229850,16229850,16229850,16229850,14684150,14684150,14684150,14684150,13911300,13911300,13911300,13911300,13138450,13138450,13138450,13138450,13602160,13602160,13602160,13602160,215000.0,1.455,1.05,INR
Role_x_Experience,India,Multi-Metro Calibrated,Other AI/Tech,Member Of Technical Staff (Ai Systems Engineer),Lead / Staff (10-14 Years),Standard,8,17442000,18779000,20048000,18472000,18314100,19717950,21050400,19395600,16569900,17840050,19045600,17548400,15697800,16901100,18043200,16624800,14825700,15962150,17040800,15701200,15348960,16525520,17642240,16255360,358750.0,1.455,1.05,INR
Role_x_Experience,India,Multi-Metro Calibrated,Other AI/Tech,Member Of Technical Staff (Research & Ai Systems),Lead / Staff (10-14 Years),Standard,2,19352000,19352000,19352000,19352000,20319600,20319600,20319600,20319600,18384400,18384400,18384400,18384400,17416800,17416800,17416800,17416800,16449200,16449200,16449200,16449200,17029760,17029760,17029760,17029760,380000.0,1.455,1.05,INR
Role_x_Experience,India,Multi-Metro Calibrated,Other AI/Tech,Member Of Technical Staff - Ai Software Developer,Lead / Staff (10-14 Years),Standard,1,8409000,8409000,8409000,8409000,8829450,8829450,8829450,8829450,7988550,7988550,7988550,7988550,7568100,7568100,7568100,7568100,7147650,7147650,7147650,7147650,7399920,7399920,7399920,7399920,165125.0,1.455,1.05,INR
Role_x_Experience,India,Multi-Metro Calibrated,Other AI/Tech,Member Of Technical Staff - Embodied Ai,Lead / Staff (10-14 Years),Standard,1,7971000,7971000,7971000,7971000,8369550,8369550,8369550,8369550,7572450,7572450,7572450,7572450,7173900,7173900,7173900,7173900,6775350,6775350,6775350,6775350,7014480,7014480,7014480,7014480,150000.0,1.455,1.05,INR
Role_x_Experience,India,Multi-Metro Calibrated,Other AI/Tech,"Member Of Technical Staff - Ml Inference Engineer, Pytorch",Lead / Staff (10-14 Years),Standard,2,18255000,19958000,21662000,19958000,19167750,20955900,22745100,20955900,17342250,18960100,20578900,18960100,16429500,17962200,19495800,17962200,15516750,16964300,18412700,16964300,16064400,17563040,19062560,17563040,325000.0,1.455,1.05,INR
Role_x_Experience,India,Multi-Metro Calibrated,Other AI/Tech,"Member Of Technical Staff, Blockchain",Lead / Staff (10-14 Years),Standard,2,18058000,18749000,19440000,18749000,18960900,19686450,20412000,19686450,17155100,17811550,18468000,17811550,16252200,16874100,17496000,16874100,15349300,15936650,16524000,15936650,15891040,16499120,17107200,16499120,260785.5,1.455,1.05,INR
Role_x_Experience,India,Multi-Metro Calibrated,Other AI/Tech,"Member Of Technical Staff, Blockchain Integrations",Lead / Staff (10-14 Years),Standard,1,19771000,19771000,19771000,19771000,20759550,20759550,20759550,20759550,18782450,18782450,18782450,18782450,17793900,17793900,17793900,17793900,16805350,16805350,16805350,16805350,17398480,17398480,17398480,17398480,275000.0,1.455,1.05,INR
Role_x_Experience,India,Multi-Metro Calibrated,Other AI/Tech,"Member Of Technical Staff, Ml Software Engineering",Lead / Staff (10-14 Years),Standard,1,10694000,10694000,10694000,10694000,11228700,11228700,11228700,11228700,10159300,10159300,10159300,10159300,9624600,9624600,9624600,9624600,9089900,9089900,9089900,9089900,9410720,9410720,9410720,9410720,210000.0,1.455,1.05,INR
Role_x_Experience,India,Multi-Metro Calibrated,Other AI/Tech,Principal Ai Deployment Engineer,Lead / Staff (10-14 Years),Standard,1,12581000,12581000,12581000,12581000,13210050,13210050,13210050,13210050,11951950,11951950,11951950,11951950,11322900,11322900,11322900,11322900,10693850,10693850,10693850,10693850,11071280,11071280,11071280,11071280,175000.0,1.455,1.05,INR
Role_x_Experience,India,Multi-Metro Calibrated,Other AI/Tech,Principal Ai Ops Engineer - Ii,Lead / Staff (10-14 Years),Standard,1,7010000,7010000,7010000,7010000,7360500,7360500,7360500,7360500,6659500,6659500,6659500,6659500,6309000,6309000,6309000,6309000,5958500,5958500,5958500,5958500,6168800,6168800,6168800,6168800,130000.0,1.455,1.05,INR
Role_x_Experience,India,Multi-Metro Calibrated,Other AI/Tech,Principal Ai Ops Engineer Ii,Lead / Staff (10-14 Years),Standard,1,7152000,7152000,7152000,7152000,7509600,7509600,7509600,7509600,6794400,6794400,6794400,6794400,6436800,6436800,6436800,6436800,6079200,6079200,6079200,6079200,6293760,6293760,6293760,6293760,132644.0,1.455,1.05,INR
Role_x_Experience,India,Multi-Metro Calibrated,Other AI/Tech,Principal Ai/Ml Architect - Solution Innovation,Lead / Staff (10-14 Years),Standard,2,14003000,14003000,14003000,14003000,14703150,14703150,14703150,14703150,13302850,13302850,13302850,13302850,12602700,12602700,12602700,12602700,11902550,11902550,11902550,11902550,12322640,12322640,12322640,12322640,194766.5,1.455,1.05,INR
Role_x_Experience,India,Multi-Metro Calibrated,Other AI/Tech,Principal Ai/Ml System Software Engineer,Lead / Staff (10-14 Years),Standard,2,21263000,21263000,21263000,21263000,22326150,22326150,22326150,22326150,20199850,20199850,20199850,20199850,19136700,19136700,19136700,19136700,18073550,18073550,18073550,18073550,18711440,18711440,18711440,18711440,295757.0,1.455,1.05,INR
Role_x_Experience,India,Multi-Metro Calibrated,Other AI/Tech,Principal Air Fire Safety R&D Engineer,Lead / Staff (10-14 Years),Standard,1,13444000,13444000,13444000,13444000,14116200,14116200,14116200,14116200,12771800,12771800,12771800,12771800,12099600,12099600,12099600,12099600,11427400,11427400,11427400,11427400,11830720,11830720,11830720,11830720,187000.0,1.455,1.05,INR
Role_x_Experience,India,Multi-Metro Calibrated,Other AI/Tech,Principal Application Analyst -- Supply Chain Applications,Lead / Staff (10-14 Years),Standard,1,11503000,11503000,11503000,11503000,12078150,12078150,12078150,12078150,10927850,10927850,10927850,10927850,10352700,10352700,10352700,10352700,9777550,9777550,9777550,9777550,10122640,10122640,10122640,10122640,160000.0,1.455,1.05,INR
Role_x_Experience,India,Multi-Metro Calibrated,Other AI/Tech,"Principal Backend Engineer, Yahoo Mail",Lead / Staff (10-14 Years),Standard,1,9564000,9564000,9564000,9564000,10042200,10042200,10042200,10042200,9085800,9085800,9085800,9085800,8607600,8607600,8607600,8607600,8129400,8129400,8129400,8129400,8416320,8416320,8416320,8416320,179982.0,1.455,1.05,INR
Role_x_Experience,India,Multi-Metro Calibrated,Other AI/Tech,Principal Blockchain Engineer,Lead / Staff (10-14 Years),Standard,1,11365000,11365000,11365000,11365000,11933250,11933250,11933250,11933250,10796750,10796750,10796750,10796750,10228500,10228500,10228500,10228500,9660250,9660250,9660250,9660250,10001200,10001200,10001200,10001200,158085.0,1.455,1.05,INR
Role_x_Experience,India,Multi-Metro Calibrated,Other AI/Tech,Principal Claims Specialist,Lead / Staff (10-14 Years),Standard,2,11544000,11544000,11544000,11544000,12121200,12121200,12121200,12121200,10966800,10966800,10966800,10966800,10389600,10389600,10389600,10389600,9812400,9812400,9812400,9812400,10158720,10158720,10158720,10158720,160576.0,1.455,1.05,INR
Role_x_Experience,India,Multi-Metro Calibrated,Other AI/Tech,Principal Consultant - Sap Retail,Lead / Staff (10-14 Years),Standard,1,5893000,5893000,5893000,5893000,6187650,6187650,6187650,6187650,5598350,5598350,5598350,5598350,5303700,5303700,5303700,5303700,5009050,5009050,5009050,5009050,5185840,5185840,5185840,5185840,109283.0,1.455,1.05,INR
Role_x_Experience,India,Multi-Metro Calibrated,Other AI/Tech,"Principal Consultant I, Data & Ai",Lead / Staff (10-14 Years),Standard,1,12366000,12366000,12366000,12366000,12984300,12984300,12984300,12984300,11747700,11747700,11747700,11747700,11129400,11129400,11129400,11129400,10511100,10511100,10511100,10511100,10882080,10882080,10882080,10882080,172000.0,1.455,1.05,INR
Role_x_Experience,India,Multi-Metro Calibrated,Other AI/Tech,"Principal Consultant Ii, Data & Ai",Lead / Staff (10-14 Years),Standard,1,7441000,7441000,7441000,7441000,7813050,7813050,7813050,7813050,7068950,7068950,7068950,7068950,6696900,6696900,6696900,6696900,6324850,6324850,6324850,6324850,6548080,6548080,6548080,6548080,138000.0,1.455,1.05,INR
Role_x_Experience,India,Multi-Metro Calibrated,Other AI/Tech,"Principal Consultant, Air Quality",Lead / Staff (10-14 Years),Standard,3,7276000,7276000,9210000,8565000,7639800,7639800,9670500,8993250,6912200,6912200,8749500,8136750,6548400,6548400,8289000,7708500,6184600,6184600,7828500,7280250,6402880,6402880,8104800,7537200,134940.0,1.455,1.05,INR
Role_x_Experience,India,Multi-Metro Calibrated,Other AI/Tech,"Principal Consultant, Supply Chain Operations Engineer",Lead / Staff (10-14 Years),Standard,1,10097000,10097000,10097000,10097000,10601850,10601850,10601850,10601850,9592150,9592150,9592150,9592150,9087300,9087300,9087300,9087300,8582450,8582450,8582450,8582450,8885360,8885360,8885360,8885360,190008.0,1.455,1.05,INR
Role_x_Experience,India,Multi-Metro Calibrated,Other AI/Tech,"Principal Consultant, Sustainable Operations",Lead / Staff (10-14 Years),Standard,1,10784000,10784000,10784000,10784000,11323200,11323200,11323200,11323200,10244800,10244800,10244800,10244800,9705600,9705600,9705600,9705600,9166400,9166400,9166400,9166400,9489920,9489920,9489920,9489920,150000.0,1.455,1.05,INR
Role_x_Experience,India,Multi-Metro Calibrated,Other AI/Tech,Principal Domain Architect,Lead / Staff (10-14 Years),Standard,3,12310000,13333000,13640000,12856000,12925500,13999650,14322000,13498800,11694500,12666350,12958000,12213200,11079000,11999700,12276000,11570400,10463500,11333050,11594000,10927600,10832800,11733040,12003200,11313280,185454.0,1.455,1.05,INR
Role_x_Experience,India,Multi-Metro Calibrated,Other AI/Tech,Principal Engineer & Ai Systems Architect,Lead / Staff (10-14 Years),Standard,1,5716000,5716000,5716000,5716000,6001800,6001800,6001800,6001800,5430200,5430200,5430200,5430200,5144400,5144400,5144400,5144400,4858600,4858600,4858600,4858600,5030080,5030080,5030080,5030080,106000.0,1.455,1.05,INR
Role_x_Experience,India,Multi-Metro Calibrated,Other AI/Tech,Principal Engineer - Ai Ops,Lead / Staff (10-14 Years),Standard,1,13499000,13499000,13499000,13499000,14173950,14173950,14173950,14173950,12824050,12824050,12824050,12824050,12149100,12149100,12149100,12149100,11474150,11474150,11474150,11474150,11879120,11879120,11879120,11879120,187765.5,1.455,1.05,INR
Role_x_Experience,India,Multi-Metro Calibrated,Other AI/Tech,Principal Engineer - Gen Ai/Cto,Lead / Staff (10-14 Years),Standard,1,19771000,19771000,19771000,19771000,20759550,20759550,20759550,20759550,18782450,18782450,18782450,18782450,17793900,17793900,17793900,17793900,16805350,16805350,16805350,16805350,17398480,17398480,17398480,17398480,275000.0,1.455,1.05,INR
Role_x_Experience,India,Multi-Metro Calibrated,Other AI/Tech,"Principal Engineer, Ai",Lead / Staff (10-14 Years),Standard,1,7467000,7467000,7467000,7467000,7840350,7840350,7840350,7840350,7093650,7093650,7093650,7093650,6720300,6720300,6720300,6720300,6346950,6346950,6346950,6346950,6570960,6570960,6570960,6570960,138486.0,1.455,1.05,INR
Role_x_Experience,India,Multi-Metro Calibrated,Other AI/Tech,"Principal Engineer, Retail",Lead / Staff (10-14 Years),Standard,1,14379000,14379000,14379000,14379000,15097950,15097950,15097950,15097950,13660050,13660050,13660050,13660050,12941100,12941100,12941100,12941100,12222150,12222150,12222150,12222150,12653520,12653520,12653520,12653520,200000.0,1.455,1.05,INR
Role_x_Experience,India,Multi-Metro Calibrated,Other AI/Tech,"Principal Engineer, Silicon Domain Arch",Lead / Staff (10-14 Years),Standard,1,15322000,15322000,15322000,15322000,16088100,16088100,16088100,16088100,14555900,14555900,14555900,14555900,13789800,13789800,13789800,13789800,13023700,13023700,13023700,13023700,13483360,13483360,13483360,13483360,250726.0,1.455,1.05,INR
Role_x_Experience,India,Multi-Metro Calibrated,Other AI/Tech,"Principal Engineer, Storage (Ai & Hpc)",Lead / Staff (10-14 Years),Standard,1,20293000,20293000,20293000,20293000,21307650,21307650,21307650,21307650,19278350,19278350,19278350,19278350,18263700,18263700,18263700,18263700,17249050,17249050,17249050,17249050,17857840,17857840,17857840,17857840,282257.0,1.455,1.05,INR
Role_x_Experience,India,Multi-Metro Calibrated,Other AI/Tech,Principal Enterprise Domain Architect - Marketing Technology,Lead / Staff (10-14 Years),Standard,2,14172000,14172000,14172000,14172000,14880600,14880600,14880600,14880600,13463400,13463400,13463400,13463400,12754800,12754800,12754800,12754800,12046200,12046200,12046200,12046200,12471360,12471360,12471360,12471360,197120.0,1.455,1.05,INR
Role_x_Experience,India,Multi-Metro Calibrated,Other AI/Tech,Principal Environmental And Sustainability Advisor,Lead / Staff (10-14 Years),Standard,1,2329000,2329000,2329000,2329000,2445450,2445450,2445450,2445450,2212550,2212550,2212550,2212550,2096100,2096100,2096100,2096100,1979650,1979650,1979650,1979650,2049520,2049520,2049520,2049520,72000.0,1.455,1.05,INR
Role_x_Experience,India,Multi-Metro Calibrated,Other AI/Tech,Principal Instructor-Training,Lead / Staff (10-14 Years),Standard,1,5661000,5661000,5661000,5661000,5944050,5944050,5944050,5944050,5377950,5377950,5377950,5377950,5094900,5094900,5094900,5094900,4811850,4811850,4811850,4811850,4981680,4981680,4981680,4981680,123523.5,1.455,1.05,INR
Role_x_Experience,India,Multi-Metro Calibrated,Other AI/Tech,"Principal Investigator, Ai Based Cryo-Em",Lead / Staff (10-14 Years),Standard,1,13480000,13480000,13480000,13480000,14154000,14154000,14154000,14154000,12806000,12806000,12806000,12806000,12132000,12132000,12132000,12132000,11458000,11458000,11458000,11458000,11862400,11862400,11862400,11862400,187500.0,1.455,1.05,INR
Role_x_Experience,India,Multi-Metro Calibrated,Other AI/Tech,Principal Mainframe Engineer,Lead / Staff (10-14 Years),Standard,1,11000000,11000000,11000000,11000000,11550000,11550000,11550000,11550000,10450000,10450000,10450000,10450000,9900000,9900000,9900000,9900000,9350000,9350000,9350000,9350000,9680000,9680000,9680000,9680000,152997.5,1.455,1.05,INR
Role_x_Experience,India,Multi-Metro Calibrated,Other AI/Tech,"Principal Materials Engineer, Sustainability",Lead / Staff (10-14 Years),Standard,1,11175000,11175000,11175000,11175000,11733750,11733750,11733750,11733750,10616250,10616250,10616250,10616250,10057500,10057500,10057500,10057500,9498750,9498750,9498750,9498750,9834000,9834000,9834000,9834000,182875.0,1.455,1.05,INR
Role_x_Experience,India,Multi-Metro Calibrated,Other AI/Tech,Principal Product Manager - Ai,Lead / Staff (10-14 Years),Standard,3,16047000,16047000,18178000,17468000,16849350,16849350,19086900,18341400,15244650,15244650,17269100,16594600,14442300,14442300,16360200,15721200,13639950,13639950,15451300,14847800,14121360,14121360,15996640,15371840,223200.0,1.455,1.05,INR
Role_x_Experience,India,Multi-Metro Calibrated,Other AI/Tech,Principal Product Manager - Ai/Ml,Lead / Staff (10-14 Years),Standard,2,15693000,16098000,16502000,16098000,16477650,16902900,17327100,16902900,14908350,15293100,15676900,15293100,14123700,14488200,14851800,14488200,13339050,13683300,14026700,13683300,13809840,14166240,14521760,14166240,223904.5,1.455,1.05,INR
Role_x_Experience,India,Multi-Metro Calibrated,Other AI/Tech,Principal Product Manager - Conversational Ai & Experience,Lead / Staff (10-14 Years),Standard,1,11906000,11906000,11906000,11906000,12501300,12501300,12501300,12501300,11310700,11310700,11310700,11310700,10715400,10715400,10715400,10715400,10120100,10120100,10120100,10120100,10477280,10477280,10477280,10477280,165610.0,1.455,1.05,INR
Role_x_Experience,India,Multi-Metro Calibrated,Other AI/Tech,"Principal Product Manager “ Data, Ai & Internal Platforms",Lead / Staff (10-14 Years),Standard,2,17974000,17974000,17974000,17974000,18872700,18872700,18872700,18872700,17075300,17075300,17075300,17075300,16176600,16176600,16176600,16176600,15277900,15277900,15277900,15277900,15817120,15817120,15817120,15817120,250000.0,1.455,1.05,INR
Role_x_Experience,India,Multi-Metro Calibrated,Other AI/Tech,"Principal Product Manager, Ai Admin Experiences",Lead / Staff (10-14 Years),Standard,1,14861000,14861000,14861000,14861000,15604050,15604050,15604050,15604050,14117950,14117950,14117950,14117950,13374900,13374900,13374900,13374900,12631850,12631850,12631850,12631850,13077680,13077680,13077680,13077680,206713.5,1.455,1.05,INR
Role_x_Experience,India,Multi-Metro Calibrated,Other AI/Tech,Principal Product Marketing Manager - Ai,Lead / Staff (10-14 Years),Standard,1,17626000,17626000,17626000,17626000,18507300,18507300,18507300,18507300,16744700,16744700,16744700,16744700,15863400,15863400,15863400,15863400,14982100,14982100,14982100,14982100,15510880,15510880,15510880,15510880,245161.5,1.455,1.05,INR
Role_x_Experience,India,Multi-Metro Calibrated,Other AI/Tech,Principal Product Marketing Manager “ Secure Email Gateway,Lead / Staff (10-14 Years),Standard,1,12085000,12085000,12085000,12085000,12689250,12689250,12689250,12689250,11480750,11480750,11480750,11480750,10876500,10876500,10876500,10876500,10272250,10272250,10272250,10272250,10634800,10634800,10634800,10634800,168100.0,1.455,1.05,INR
Role_x_Experience,India,Multi-Metro Calibrated,Other AI/Tech,Principal Rail Safety Engineer,Lead / Staff (10-14 Years),Standard,1,12573000,12573000,12573000,12573000,13201650,13201650,13201650,13201650,11944350,11944350,11944350,11944350,11315700,11315700,11315700,11315700,10687050,10687050,10687050,10687050,11064240,11064240,11064240,11064240,174879.0,1.455,1.05,INR
Role_x_Experience,India,Multi-Metro Calibrated,Other AI/Tech,Principal Regulatory Affairs Specialist,Lead / Staff (10-14 Years),Standard,13,6740000,6768000,9319000,7764000,7077000,7106400,9784950,8152200,6403000,6429600,8853050,7375800,6066000,6091200,8387100,6987600,5729000,5752800,7921150,6599400,5931200,5955840,8200720,6832320,125525.0,1.455,1.05,INR
Role_x_Experience,India,Multi-Metro Calibrated,Other AI/Tech,Principal Regulatory Affairs Specialist - Kbgfjg109401-4,Lead / Staff (10-14 Years),Standard,1,10357000,10357000,10357000,10357000,10874850,10874850,10874850,10874850,9839150,9839150,9839150,9839150,9321300,9321300,9321300,9321300,8803450,8803450,8803450,8803450,9114160,9114160,9114160,9114160,144055.8,1.455,1.05,INR
Role_x_Experience,India,Multi-Metro Calibrated,Other AI/Tech,Principal Robotics Application Engineer - Adv Ai Integration,Lead / Staff (10-14 Years),Standard,1,7010000,7010000,7010000,7010000,7360500,7360500,7360500,7360500,6659500,6659500,6659500,6659500,6309000,6309000,6309000,6309000,5958500,5958500,5958500,5958500,6168800,6168800,6168800,6168800,130000.0,1.455,1.05,INR
Role_x_Experience,India,Multi-Metro Calibrated,Other AI/Tech,"Principal Software Engineer, Ai Enablement",Lead / Staff (10-14 Years),Standard,1,13660000,13660000,13660000,13660000,14343000,14343000,14343000,14343000,12977000,12977000,12977000,12977000,12294000,12294000,12294000,12294000,11611000,11611000,11611000,11611000,12020800,12020800,12020800,12020800,190000.0,1.455,1.05,INR
Role_x_Experience,India,Multi-Metro Calibrated,Other AI/Tech,"Principal Software Engineer, Backend (Ai)",Lead / Staff (10-14 Years),Standard,1,19519000,19519000,19519000,19519000,20494950,20494950,20494950,20494950,18543050,18543050,18543050,18543050,17567100,17567100,17567100,17567100,16591150,16591150,16591150,16591150,17176720,17176720,17176720,17176720,271500.0,1.455,1.05,INR
Role_x_Experience,India,Multi-Metro Calibrated,Other AI/Tech,Principal Software Maintenance Engineer,Lead / Staff (10-14 Years),Standard,1,12438000,12438000,12438000,12438000,13059900,13059900,13059900,13059900,11816100,11816100,11816100,11816100,11194200,11194200,11194200,11194200,10572300,10572300,10572300,10572300,10945440,10945440,10945440,10945440,173000.0,1.455,1.05,INR
Role_x_Experience,India,Multi-Metro Calibrated,Other AI/Tech,Principal Solution Train Engineer,Lead / Staff (10-14 Years),Standard,4,12257000,12419000,12419000,12257000,12869850,13039950,13039950,12869850,11644150,11798050,11798050,11644150,11031300,11177100,11177100,11031300,10418450,10556150,10556150,10418450,10786160,10928720,10928720,10786160,172743.0,1.455,1.05,INR
Role_x_Experience,India,Multi-Metro Calibrated,Other AI/Tech,"Principal Specialist, Regulatory Affairs",Lead / Staff (10-14 Years),Standard,1,6927000,6927000,6927000,6927000,7273350,7273350,7273350,7273350,6580650,6580650,6580650,6580650,6234300,6234300,6234300,6234300,5887950,5887950,5887950,5887950,6095760,6095760,6095760,6095760,128462.5,1.455,1.05,INR
Role_x_Experience,India,Multi-Metro Calibrated,Other AI/Tech,Principal Supply Chain Manager,Lead / Staff (10-14 Years),Standard,1,8727000,8727000,8727000,8727000,9163350,9163350,9163350,9163350,8290650,8290650,8290650,8290650,7854300,7854300,7854300,7854300,7417950,7417950,7417950,7417950,7679760,7679760,7679760,7679760,142800.0,1.455,1.05,INR
Role_x_Experience,India,Multi-Metro Calibrated,Other AI/Tech,Principal Tailings Engineering,Lead / Staff (10-14 Years),Standard,1,13157000,13157000,13157000,13157000,13814850,13814850,13814850,13814850,12499150,12499150,12499150,12499150,11841300,11841300,11841300,11841300,11183450,11183450,11183450,11183450,11578160,11578160,11578160,11578160,183000.0,1.455,1.05,INR
Role_x_Experience,India,Multi-Metro Calibrated,Other AI/Tech,"Principal Technical Program Manager, Infotainment",Lead / Staff (10-14 Years),Standard,1,16848000,16848000,16848000,16848000,17690400,17690400,17690400,17690400,16005600,16005600,16005600,16005600,15163200,15163200,15163200,15163200,14320800,14320800,14320800,14320800,14826240,14826240,14826240,14826240,234349.0,1.455,1.05,INR
Role_x_Experience,India,Multi-Metro Calibrated,Other AI/Tech,Principal Technology Consultant (Retail & Fashion Solutions),Lead / Staff (10-14 Years),Standard,4,10425000,10964000,11503000,10964000,10946250,11512200,12078150,11512200,9903750,10415800,10927850,10415800,9382500,9867600,10352700,9867600,8861250,9319400,9777550,9319400,9174000,9648320,10122640,9648320,152500.0,1.455,1.05,INR
Role_x_Experience,India,Multi-Metro Calibrated,Other AI/Tech,"Principal, Cloud Data & Ai",Lead / Staff (10-14 Years),Standard,1,11947000,11947000,11947000,11947000,12544350,12544350,12544350,12544350,11349650,11349650,11349650,11349650,10752300,10752300,10752300,10752300,10154950,10154950,10154950,10154950,10513360,10513360,10513360,10513360,195497.5,1.455,1.05,INR
Role_x_Experience,India,Multi-Metro Calibrated,Other AI/Tech,"Principal, Director Of Sustainability Innovation",Lead / Staff (10-14 Years),Standard,2,12581000,12581000,12581000,12581000,13210050,13210050,13210050,13210050,11951950,11951950,11951950,11951950,11322900,11322900,11322900,11322900,10693850,10693850,10693850,10693850,11071280,11071280,11071280,11071280,175000.0,1.455,1.05,INR
Role_x_Experience,India,Multi-Metro Calibrated,Other AI/Tech,"Principal, Gtm - Retail",Lead / Staff (10-14 Years),Standard,1,14839000,14839000,14839000,14839000,15580950,15580950,15580950,15580950,14097050,14097050,14097050,14097050,13355100,13355100,13355100,13355100,12613150,12613150,12613150,12613150,13058320,13058320,13058320,13058320,206398.0,1.455,1.05,INR
Role_x_Experience,India,Multi-Metro Calibrated,Other AI/Tech,"Principal, Supply Chain",Lead / Staff (10-14 Years),Standard,10,8690000,9020000,10134000,9954000,9124500,9471000,10640700,10451700,8255500,8569000,9627300,9456300,7821000,8118000,9120600,8958600,7386500,7667000,8613900,8460900,7647200,7937600,8917920,8759520,162358.5,1.455,1.05,INR
Role_x_Experience,India,Multi-Metro Calibrated,Other AI/Tech,"Principal, Supply Chain Management",Lead / Staff (10-14 Years),Standard,1,9405000,9405000,9405000,9405000,9875250,9875250,9875250,9875250,8934750,8934750,8934750,8934750,8464500,8464500,8464500,8464500,7994250,7994250,7994250,7994250,8276400,8276400,8276400,8276400,176990.0,1.455,1.05,INR
Role_x_Experience,India,Multi-Metro Calibrated,Other AI/Tech,Sales Engineer “ Ai Specialist,Senior (6-9 Years),Standard,1,4234000,4234000,4234000,4234000,4445700,4445700,4445700,4445700,4022300,4022300,4022300,4022300,3810600,3810600,3810600,3810600,3598900,3598900,3598900,3598900,3725920,3725920,3725920,3725920,105000.0,1.28,1.05,INR
Role_x_Experience,India,Multi-Metro Calibrated,Other AI/Tech,Senior Ai Specialist,Lead / Staff (10-14 Years),Standard,1,5933000,5933000,5933000,5933000,6229650,6229650,6229650,6229650,5636350,5636350,5636350,5636350,5339700,5339700,5339700,5339700,5043050,5043050,5043050,5043050,5221040,5221040,5221040,5221040,110031.0,1.455,1.05,INR
Role_x_Experience,India,Multi-Metro Calibrated,Other AI/Tech,Senior Principal Ai Hardware Engineer,Lead / Staff (10-14 Years),Standard,2,18243000,19946000,21648000,19946000,19155150,20943300,22730400,20943300,17330850,18948700,20565600,18948700,16418700,17951400,19483200,17951400,15506550,16954100,18400800,16954100,16053840,17552480,19050240,17552480,324795.0,1.455,1.05,INR
Role_x_Experience,India,Multi-Metro Calibrated,Other AI/Tech,Senior Principal Researcher (Ai Security),Lead / Staff (10-14 Years),Standard,1,18734000,18734000,18734000,18734000,19670700,19670700,19670700,19670700,17797300,17797300,17797300,17797300,16860600,16860600,16860600,16860600,15923900,15923900,15923900,15923900,16485920,16485920,16485920,16485920,260579.0,1.455,1.05,INR
Role_x_Experience,India,Multi-Metro Calibrated,Other AI/Tech,Senior Principal Supply Chain Planner,Lead / Staff (10-14 Years),Standard,1,7092000,7092000,7092000,7092000,7446600,7446600,7446600,7446600,6737400,6737400,6737400,6737400,6382800,6382800,6382800,6382800,6028200,6028200,6028200,6028200,6240960,6240960,6240960,6240960,131519.0,1.455,1.05,INR
Role_x_Experience,India,Multi-Metro Calibrated,Other AI/Tech,Senior Staff Ai Software Engineer,Lead / Staff (10-14 Years),Standard,3,14260000,15278000,16985000,15737000,14973000,16041900,17834250,16523850,13547000,14514100,16135750,14950150,12834000,13750200,15286500,14163300,12121000,12986300,14437250,13376450,12548800,13444640,14946800,13848560,260000.0,1.455,1.05,INR
Role_x_Experience,India,Multi-Metro Calibrated,Other AI/Tech,Senior Staff Ai/Ml Researcher,Lead / Staff (10-14 Years),Standard,1,13902000,13902000,13902000,13902000,14597100,14597100,14597100,14597100,13206900,13206900,13206900,13206900,12511800,12511800,12511800,12511800,11816700,11816700,11816700,11816700,12233760,12233760,12233760,12233760,250243.0,1.455,1.05,INR
Role_x_Experience,India,Multi-Metro Calibrated,Other AI/Tech,"Senior Staff Architect, Ai Search",Lead / Staff (10-14 Years),Standard,1,15333000,15333000,15333000,15333000,16099650,16099650,16099650,16099650,14566350,14566350,14566350,14566350,13799700,13799700,13799700,13799700,13033050,13033050,13033050,13033050,13493040,13493040,13493040,13493040,213275.0,1.455,1.05,INR
Role_x_Experience,India,Multi-Metro Calibrated,Other AI/Tech,Senior Staff Compiler Toolchain Software Engineer,Lead / Staff (10-14 Years),Standard,1,13047000,13047000,13047000,13047000,13699350,13699350,13699350,13699350,12394650,12394650,12394650,12394650,11742300,11742300,11742300,11742300,11089950,11089950,11089950,11089950,11481360,11481360,11481360,11481360,213500.0,1.455,1.05,INR
Role_x_Experience,India,Multi-Metro Calibrated,Other AI/Tech,Senior Staff Engineer Software (Ai Customer Copilot),Lead / Staff (10-14 Years),Standard,1,13800000,13800000,13800000,13800000,14490000,14490000,14490000,14490000,13110000,13110000,13110000,13110000,12420000,12420000,12420000,12420000,11730000,11730000,11730000,11730000,12144000,12144000,12144000,12144000,191948.0,1.455,1.05,INR
Role_x_Experience,India,Multi-Metro Calibrated,Other AI/Tech,"Senior Staff Engineer, Ai Hw/Sw Codesign",Lead / Staff (10-14 Years),Standard,1,17116000,17116000,17116000,17116000,17971800,17971800,17971800,17971800,16260200,16260200,16260200,16260200,15404400,15404400,15404400,15404400,14548600,14548600,14548600,14548600,15062080,15062080,15062080,15062080,238079.0,1.455,1.05,INR
Role_x_Experience,India,Multi-Metro Calibrated,Other AI/Tech,Senior Staff Powertrain Thermal System Modeling Engineer,Lead / Staff (10-14 Years),Standard,1,14003000,14003000,14003000,14003000,14703150,14703150,14703150,14703150,13302850,13302850,13302850,13302850,12602700,12602700,12602700,12602700,11902550,11902550,11902550,11902550,12322640,12322640,12322640,12322640,274980.0,1.455,1.05,INR
Role_x_Experience,India,Multi-Metro Calibrated,Other AI/Tech,"Senior Staff Researcher, Ai Research",Lead / Staff (10-14 Years),Standard,1,15117000,15117000,15117000,15117000,15872850,15872850,15872850,15872850,14361150,14361150,14361150,14361150,13605300,13605300,13605300,13605300,12849450,12849450,12849450,12849450,13302960,13302960,13302960,13302960,210267.0,1.455,1.05,INR
Role_x_Experience,India,Multi-Metro Calibrated,Other AI/Tech,"Senior Staff Software Engineer, Managed Ai",Lead / Staff (10-14 Years),Standard,1,17315000,17315000,17315000,17315000,18180750,18180750,18180750,18180750,16449250,16449250,16449250,16449250,15583500,15583500,15583500,15583500,14717750,14717750,14717750,14717750,15237200,15237200,15237200,15237200,340000.0,1.455,1.05,INR
Role_x_Experience,India,Multi-Metro Calibrated,Other AI/Tech,"Senior Staff Software Engineer,Conversational Ai Experiences",Lead / Staff (10-14 Years),Standard,1,17835000,17835000,17835000,17835000,18726750,18726750,18726750,18726750,16943250,16943250,16943250,16943250,16051500,16051500,16051500,16051500,15159750,15159750,15159750,15159750,15694800,15694800,15694800,15694800,248079.0,1.455,1.05,INR
Role_x_Experience,India,Multi-Metro Calibrated,Other AI/Tech,"Senior Staff Supply Chain Manager, Optimus",Lead / Staff (10-14 Years),Standard,1,13318000,13318000,13318000,13318000,13983900,13983900,13983900,13983900,12652100,12652100,12652100,12652100,11986200,11986200,11986200,11986200,11320300,11320300,11320300,11320300,11719840,11719840,11719840,11719840,185240.65,1.455,1.05,INR
Role_x_Experience,India,Multi-Metro Calibrated,Other AI/Tech,"Senior Staff Tech Lead Manager, Ml Data Infra",Lead / Staff (10-14 Years),Standard,2,23725000,23725000,23725000,23725000,24911250,24911250,24911250,24911250,22538750,22538750,22538750,22538750,21352500,21352500,21352500,21352500,20166250,20166250,20166250,20166250,20878000,20878000,20878000,20878000,330000.0,1.455,1.05,INR
Role_x_Experience,India,Multi-Metro Calibrated,Other AI/Tech,"Senior Staff, Ai Software Applications Engineer",Lead / Staff (10-14 Years),Standard,1,18660000,18660000,18660000,18660000,19593000,19593000,19593000,19593000,17727000,17727000,17727000,17727000,16794000,16794000,16794000,16794000,15861000,15861000,15861000,15861000,16420800,16420800,16420800,16420800,259548.0,1.455,1.05,INR
Role_x_Experience,India,Multi-Metro Calibrated,Other AI/Tech,Solutions Principal For Supply Chain Applications,Lead / Staff (10-14 Years),Standard,1,11863000,11863000,11863000,11863000,12456150,12456150,12456150,12456150,11269850,11269850,11269850,11269850,10676700,10676700,10676700,10676700,10083550,10083550,10083550,10083550,10439440,10439440,10439440,10439440,165000.0,1.455,1.05,INR
Role_x_Experience,India,Multi-Metro Calibrated,Other AI/Tech,"Sr Principal, Gen Ai",Lead / Staff (10-14 Years),Standard,1,17794000,17794000,17794000,17794000,18683700,18683700,18683700,18683700,16904300,16904300,16904300,16904300,16014600,16014600,16014600,16014600,15124900,15124900,15124900,15124900,15658720,15658720,15658720,15658720,247500.0,1.455,1.05,INR
Role_x_Experience,India,Multi-Metro Calibrated,Other AI/Tech,Sr. Ml Specialist Application Engineer,Senior (6-9 Years),Standard,2,12649000,12649000,12649000,12649000,13281450,13281450,13281450,13281450,12016550,12016550,12016550,12016550,11384100,11384100,11384100,11384100,10751650,10751650,10751650,10751650,11131120,11131120,11131120,11131120,200000.0,1.28,1.05,INR
Role_x_Experience,India,Multi-Metro Calibrated,Other AI/Tech,Sr. Principal Aiops Engineer - I,Lead / Staff (10-14 Years),Standard,1,7549000,7549000,7549000,7549000,7926450,7926450,7926450,7926450,7171550,7171550,7171550,7171550,6794100,6794100,6794100,6794100,6416650,6416650,6416650,6416650,6643120,6643120,6643120,6643120,140000.0,1.455,1.05,INR
Role_x_Experience,India,Multi-Metro Calibrated,Other AI/Tech,"Sr. Principal, Prepaid Product Architect",Lead / Staff (10-14 Years),Standard,1,12219000,12219000,12219000,12219000,12829950,12829950,12829950,12829950,11608050,11608050,11608050,11608050,10997100,10997100,10997100,10997100,10386150,10386150,10386150,10386150,10752720,10752720,10752720,10752720,169962.64,1.455,1.05,INR
Role_x_Experience,India,Multi-Metro Calibrated,Other AI/Tech,Sr. Staff Airframe Analysis Engineer,Lead / Staff (10-14 Years),Standard,1,14720000,14720000,14720000,14720000,15456000,15456000,15456000,15456000,13984000,13984000,13984000,13984000,13248000,13248000,13248000,13248000,12512000,12512000,12512000,12512000,12953600,12953600,12953600,12953600,204750.0,1.455,1.05,INR
Role_x_Experience,India,Multi-Metro Calibrated,Other AI/Tech,"Sr. Staff Engineer, Manager, Ai",Lead / Staff (10-14 Years),Standard,1,14175000,14175000,14175000,14175000,14883750,14883750,14883750,14883750,13466250,13466250,13466250,13466250,12757500,12757500,12757500,12757500,12048750,12048750,12048750,12048750,12474000,12474000,12474000,12474000,197163.0,1.455,1.05,INR
Role_x_Experience,India,Multi-Metro Calibrated,Other AI/Tech,"Sr. Staff Engineer, Ml",Lead / Staff (10-14 Years),Standard,1,17614000,17614000,17614000,17614000,18494700,18494700,18494700,18494700,16733300,16733300,16733300,16733300,15852600,15852600,15852600,15852600,14971900,14971900,14971900,14971900,15500320,15500320,15500320,15500320,245000.0,1.455,1.05,INR
Role_x_Experience,India,Multi-Metro Calibrated,Other AI/Tech,Sr. Staff Software Engineer - Ai/Ml Tech Lead,Lead / Staff (10-14 Years),Standard,1,14341000,14341000,14341000,14341000,15058050,15058050,15058050,15058050,13623950,13623950,13623950,13623950,12906900,12906900,12906900,12906900,12189850,12189850,12189850,12189850,12620080,12620080,12620080,12620080,199468.5,1.455,1.05,INR
Role_x_Experience,India,Multi-Metro Calibrated,Other AI/Tech,Sr. Staff Software Engineer - Ml/Ai Workloads,Lead / Staff (10-14 Years),Standard,1,17626000,17626000,17626000,17626000,18507300,18507300,18507300,18507300,16744700,16744700,16744700,16744700,15863400,15863400,15863400,15863400,14982100,14982100,14982100,14982100,15510880,15510880,15510880,15510880,245160.0,1.455,1.05,INR
Role_x_Experience,India,Multi-Metro Calibrated,Other AI/Tech,"Sr. Staff Software Engineer, Ai Labs",Lead / Staff (10-14 Years),Standard,2,17974000,17974000,17974000,17974000,18872700,18872700,18872700,18872700,17075300,17075300,17075300,17075300,16176600,16176600,16176600,16176600,15277900,15277900,15277900,15277900,15817120,15817120,15817120,15817120,250000.0,1.455,1.05,INR
Role_x_Experience,India,Multi-Metro Calibrated,Other AI/Tech,"Sr. Staff Software Engineer, Infotainment Platform",Lead / Staff (10-14 Years),Standard,1,12054000,12054000,12054000,12054000,12656700,12656700,12656700,12656700,11451300,11451300,11451300,11451300,10848600,10848600,10848600,10848600,10245900,10245900,10245900,10245900,10607520,10607520,10607520,10607520,236710.0,1.455,1.05,INR
Role_x_Experience,India,Multi-Metro Calibrated,Other AI/Tech,"Sr. Staff Swe, Systems Infra (Sr. Staff Hwe, Ai Infra)",Lead / Staff (10-14 Years),Standard,1,17200000,17200000,17200000,17200000,18060000,18060000,18060000,18060000,16340000,16340000,16340000,16340000,15480000,15480000,15480000,15480000,14620000,14620000,14620000,14620000,15136000,15136000,15136000,15136000,337757.0,1.455,1.05,INR
Role_x_Experience,India,Multi-Metro Calibrated,Other AI/Tech,"Sr. Staff Technical Product Manager, Supply Chain",Lead / Staff (10-14 Years),Standard,4,17556000,18937000,18937000,17556000,18433800,19883850,19883850,18433800,16678200,17990150,17990150,16678200,15800400,17043300,17043300,15800400,14922600,16096450,16096450,14922600,15449280,16664560,16664560,15449280,263402.0,1.455,1.05,INR
Role_x_Experience,India,Multi-Metro Calibrated,Other AI/Tech,Staff Ai Infrastructure Engineer,Lead / Staff (10-14 Years),Standard,1,13660000,13660000,13660000,13660000,14343000,14343000,14343000,14343000,12977000,12977000,12977000,12977000,12294000,12294000,12294000,12294000,11611000,11611000,11611000,11611000,12020800,12020800,12020800,12020800,190000.0,1.455,1.05,INR
Role_x_Experience,India,Multi-Metro Calibrated,Other AI/Tech,Staff Ai Scientist,Lead / Staff (10-14 Years),Standard,3,14882000,14882000,14882000,14882000,15626100,15626100,15626100,15626100,14137900,14137900,14137900,14137900,13393800,13393800,13393800,13393800,12649700,12649700,12649700,12649700,13096160,13096160,13096160,13096160,206996.0,1.455,1.05,INR
Role_x_Experience,India,Multi-Metro Calibrated,Other AI/Tech,Staff Ai Software Development Engineer,Lead / Staff (10-14 Years),Standard,1,11144000,11144000,11144000,11144000,11701200,11701200,11701200,11701200,10586800,10586800,10586800,10586800,10029600,10029600,10029600,10029600,9472400,9472400,9472400,9472400,9806720,9806720,9806720,9806720,155000.0,1.455,1.05,INR
Role_x_Experience,India,Multi-Metro Calibrated,Other AI/Tech,Staff Air Pollution Specialist,Lead / Staff (10-14 Years),Standard,3,6470000,6994000,6994000,6644000,6793500,7343700,7343700,6976200,6146500,6644300,6644300,6311800,5823000,6294600,6294600,5979600,5499500,5944900,5944900,5647400,5693600,6154720,6154720,5846720,129708.0,1.455,1.05,INR
Role_x_Experience,India,Multi-Metro Calibrated,Other AI/Tech,Staff Algorithm Engineer (Ml),Lead / Staff (10-14 Years),Standard,1,14182000,14182000,14182000,14182000,14891100,14891100,14891100,14891100,13472900,13472900,13472900,13472900,12763800,12763800,12763800,12763800,12054700,12054700,12054700,12054700,12480160,12480160,12480160,12480160,197262.5,1.455,1.05,INR
Role_x_Experience,India,Multi-Metro Calibrated,Other AI/Tech,"Staff Android Os Engineer, Infotainment Platform",Lead / Staff (10-14 Years),Standard,4,16196000,17470000,17470000,16196000,17005800,18343500,18343500,17005800,15386200,16596500,16596500,15386200,14576400,15723000,15723000,14576400,13766600,14849500,14849500,13766600,14252480,15373600,15373600,14252480,243000.0,1.455,1.05,INR
Role_x_Experience,India,Multi-Metro Calibrated,Other AI/Tech,Staff Athletic Trainer,Lead / Staff (10-14 Years),Standard,2,2265000,2265000,2265000,2265000,2378250,2378250,2378250,2378250,2151750,2151750,2151750,2151750,2038500,2038500,2038500,2038500,1925250,1925250,1925250,1925250,1993200,1993200,1993200,1993200,70000.0,1.455,1.05,INR
Role_x_Experience,India,Multi-Metro Calibrated,Other AI/Tech,Staff Chaplain,Lead / Staff (10-14 Years),Standard,1,2106000,2106000,2106000,2106000,2211300,2211300,2211300,2211300,2000700,2000700,2000700,2000700,1895400,1895400,1895400,1895400,1790100,1790100,1790100,1790100,1853280,1853280,1853280,1853280,65083.1,1.455,1.05,INR
Role_x_Experience,India,Multi-Metro Calibrated,Other AI/Tech,Staff Compiler Toolchain Software Engineer,Lead / Staff (10-14 Years),Standard,1,10816000,10816000,10816000,10816000,11356800,11356800,11356800,11356800,10275200,10275200,10275200,10275200,9734400,9734400,9734400,9734400,9193600,9193600,9193600,9193600,9518080,9518080,9518080,9518080,177000.0,1.455,1.05,INR
Role_x_Experience,India,Multi-Metro Calibrated,Other AI/Tech,Staff Controls Engineer Paint And Coatings,Lead / Staff (10-14 Years),Standard,1,9455000,9455000,9455000,9455000,9927750,9927750,9927750,9927750,8982250,8982250,8982250,8982250,8509500,8509500,8509500,8509500,8036750,8036750,8036750,8036750,8320400,8320400,8320400,8320400,154715.75,1.455,1.05,INR
Role_x_Experience,India,Multi-Metro Calibrated,Other AI/Tech,Staff Drivetrain Engineer,Lead / Staff (10-14 Years),Standard,2,10584000,11088000,11592000,11088000,11113200,11642400,12171600,11642400,10054800,10533600,11012400,10533600,9525600,9979200,10432800,9979200,8996400,9424800,9853200,9424800,9313920,9757440,10200960,9757440,197934.5,1.455,1.05,INR
Role_x_Experience,India,Multi-Metro Calibrated,Other AI/Tech,"Staff Engineer, Ai",Lead / Staff (10-14 Years),Standard,1,13019000,13019000,13019000,13019000,13669950,13669950,13669950,13669950,12368050,12368050,12368050,12368050,11717100,11717100,11717100,11717100,11066150,11066150,11066150,11066150,11456720,11456720,11456720,11456720,245000.0,1.455,1.05,INR
Role_x_Experience,India,Multi-Metro Calibrated,Other AI/Tech,"Staff Engineer, Ai Application Development",Lead / Staff (10-14 Years),Standard,3,8389000,10193000,10627000,9280000,8808450,10702650,11158350,9744000,7969550,9683350,10095650,8816000,7550100,9173700,9564300,8352000,7130650,8664050,9032950,7888000,7382320,8969840,9351760,8166400,141773.5,1.455,1.05,INR
Role_x_Experience,India,Multi-Metro Calibrated,Other AI/Tech,"Staff Engineer, Ai/Ml Software",Lead / Staff (10-14 Years),Standard,1,12456000,12456000,12456000,12456000,13078800,13078800,13078800,13078800,11833200,11833200,11833200,11833200,11210400,11210400,11210400,11210400,10587600,10587600,10587600,10587600,10961280,10961280,10961280,10961280,173250.0,1.455,1.05,INR
Role_x_Experience,India,Multi-Metro Calibrated,Other AI/Tech,"Staff Engineer, Ai/Ml Software Compiler",Lead / Staff (10-14 Years),Standard,1,12919000,12919000,12919000,12919000,13564950,13564950,13564950,13564950,12273050,12273050,12273050,12273050,11627100,11627100,11627100,11627100,10981150,10981150,10981150,10981150,11368720,11368720,11368720,11368720,179695.5,1.455,1.05,INR
Role_x_Experience,India,Multi-Metro Calibrated,Other AI/Tech,"Staff Engineer, Blockchain",Lead / Staff (10-14 Years),Standard,1,10391000,10391000,10391000,10391000,10910550,10910550,10910550,10910550,9871450,9871450,9871450,9871450,9351900,9351900,9351900,9351900,8832350,8832350,8832350,8832350,9144080,9144080,9144080,9144080,144528.5,1.455,1.05,INR
Role_x_Experience,India,Multi-Metro Calibrated,Other AI/Tech,"Staff Engineer, Failure Analysis Engineering",Lead / Staff (10-14 Years),Standard,4,7260000,9289000,11318000,9289000,7623000,9753450,11883900,9753450,6897000,8824550,10752100,8824550,6534000,8360100,10186200,8360100,6171000,7895650,9620300,7895650,6388800,8174320,9959840,8174320,146029.75,1.455,1.05,INR
Role_x_Experience,India,Multi-Metro Calibrated,Other AI/Tech,"Staff Engineer, Infotainment Software Qa",Lead / Staff (10-14 Years),Standard,2,13040000,13262000,13484000,13262000,13692000,13925100,14158200,13925100,12388000,12598900,12809800,12598900,11736000,11935800,12135600,11935800,11084000,11272700,11461400,11272700,11475200,11670560,11865920,11670560,184465.75,1.455,1.05,INR
Role_x_Experience,India,Multi-Metro Calibrated,Other AI/Tech,"Staff Engineer, Qt/Qml",Lead / Staff (10-14 Years),Standard,1,14514000,14514000,14514000,14514000,15239700,15239700,15239700,15239700,13788300,13788300,13788300,13788300,13062600,13062600,13062600,13062600,12336900,12336900,12336900,12336900,12772320,12772320,12772320,12772320,201880.0,1.455,1.05,INR
Role_x_Experience,India,Multi-Metro Calibrated,Other AI/Tech,"Staff Engineer, Renaissance",Lead / Staff (10-14 Years),Standard,3,12222000,12222000,12222000,12222000,12833100,12833100,12833100,12833100,11610900,11610900,11610900,11610900,10999800,10999800,10999800,10999800,10388700,10388700,10388700,10388700,10755360,10755360,10755360,10755360,170000.0,1.455,1.05,INR
Role_x_Experience,India,Multi-Metro Calibrated,Other AI/Tech,Staff Failure Analysis Engineer,Lead / Staff (10-14 Years),Standard,1,11318000,11318000,11318000,11318000,11883900,11883900,11883900,11883900,10752100,10752100,10752100,10752100,10186200,10186200,10186200,10186200,9620300,9620300,9620300,9620300,9959840,9959840,9959840,9959840,157421.0,1.455,1.05,INR
Role_x_Experience,India,Multi-Metro Calibrated,Other AI/Tech,Staff Infotainment Test & Validation Engineer,Lead / Staff (10-14 Years),Standard,1,12608000,12608000,12608000,12608000,13238400,13238400,13238400,13238400,11977600,11977600,11977600,11977600,11347200,11347200,11347200,11347200,10716800,10716800,10716800,10716800,11095040,11095040,11095040,11095040,175375.0,1.455,1.05,INR
Role_x_Experience,India,Multi-Metro Calibrated,Other AI/Tech,Staff Manufacturing Controls Engineer - Mainline,Lead / Staff (10-14 Years),Standard,1,6357000,6357000,6357000,6357000,6674850,6674850,6674850,6674850,6039150,6039150,6039150,6039150,5721300,5721300,5721300,5721300,5403450,5403450,5403450,5403450,5594160,5594160,5594160,5594160,138691.85,1.455,1.05,INR
Role_x_Experience,India,Multi-Metro Calibrated,Other AI/Tech,"Staff Manufacturing Engineer, Paint",Lead / Staff (10-14 Years),Standard,3,10425000,10425000,10425000,10425000,10946250,10946250,10946250,10946250,9903750,9903750,9903750,9903750,9382500,9382500,9382500,9382500,8861250,8861250,8861250,8861250,9174000,9174000,9174000,9174000,145000.0,1.455,1.05,INR
Role_x_Experience,India,Multi-Metro Calibrated,Other AI/Tech,"Staff Manufacturing Engineer, Paint Pted",Lead / Staff (10-14 Years),Standard,1,10784000,10784000,10784000,10784000,11323200,11323200,11323200,11323200,10244800,10244800,10244800,10244800,9705600,9705600,9705600,9705600,9166400,9166400,9166400,9166400,9489920,9489920,9489920,9489920,150000.0,1.455,1.05,INR
Role_x_Experience,India,Multi-Metro Calibrated,Other AI/Tech,Staff Ml Systems Engineer,Lead / Staff (10-14 Years),Standard,2,13224000,13472000,13721000,13472000,13885200,14145600,14407050,14145600,12562800,12798400,13034950,12798400,11901600,12124800,12348900,12124800,11240400,11451200,11662850,11451200,11637120,11855360,12074480,11855360,264550.0,1.455,1.05,INR
Role_x_Experience,India,Multi-Metro Calibrated,Other AI/Tech,"Staff Ml Systems Engineer, Ml Data Acceleration",Lead / Staff (10-14 Years),Standard,1,13903000,13903000,13903000,13903000,14598150,14598150,14598150,14598150,13207850,13207850,13207850,13207850,12512700,12512700,12512700,12512700,11817550,11817550,11817550,11817550,12234640,12234640,12234640,12234640,273000.0,1.455,1.05,INR
Role_x_Experience,India,Multi-Metro Calibrated,Other AI/Tech,Staff Ml/Edge Ai Firmware Engineer,Lead / Staff (10-14 Years),Standard,1,12807000,12807000,12807000,12807000,13447350,13447350,13447350,13447350,12166650,12166650,12166650,12166650,11526300,11526300,11526300,11526300,10885950,10885950,10885950,10885950,11270160,11270160,11270160,11270160,178131.0,1.455,1.05,INR
Role_x_Experience,India,Multi-Metro Calibrated,Other AI/Tech,Staff Powertrain Engineer,Lead / Staff (10-14 Years),Standard,1,11140000,11140000,11140000,11140000,11697000,11697000,11697000,11697000,10583000,10583000,10583000,10583000,10026000,10026000,10026000,10026000,9469000,9469000,9469000,9469000,9803200,9803200,9803200,9803200,154950.6,1.455,1.05,INR
Role_x_Experience,India,Multi-Metro Calibrated,Other AI/Tech,"Staff Product Manager, Ai Performance And Benchmarking",Lead / Staff (10-14 Years),Standard,2,13611000,13611000,13611000,13611000,14291550,14291550,14291550,14291550,12930450,12930450,12930450,12930450,12249900,12249900,12249900,12249900,11569350,11569350,11569350,11569350,11977680,11977680,11977680,11977680,245000.0,1.455,1.05,INR
Role_x_Experience,India,Multi-Metro Calibrated,Other AI/Tech,Staff Regulatory Affairs Specialist,Lead / Staff (10-14 Years),Standard,6,10847000,11126000,11215000,11108000,11389350,11682300,11775750,11663400,10304650,10569700,10654250,10552600,9762300,10013400,10093500,9997200,9219950,9457100,9532750,9441800,9545360,9790880,9869200,9775040,154750.0,1.455,1.05,INR
Role_x_Experience,India,Multi-Metro Calibrated,Other AI/Tech,Staff Reliability/Failure Analysis Engineer,Lead / Staff (10-14 Years),Standard,1,7025000,7025000,7025000,7025000,7376250,7376250,7376250,7376250,6673750,6673750,6673750,6673750,6322500,6322500,6322500,6322500,5971250,5971250,5971250,5971250,6182000,6182000,6182000,6182000,130283.0,1.455,1.05,INR
Role_x_Experience,India,Multi-Metro Calibrated,Other AI/Tech,Staff Researcher “ Ai Camera,Lead / Staff (10-14 Years),Standard,1,7186000,7186000,7186000,7186000,7545300,7545300,7545300,7545300,6826700,6826700,6826700,6826700,6467400,6467400,6467400,6467400,6108100,6108100,6108100,6108100,6323680,6323680,6323680,6323680,133279.0,1.455,1.05,INR
Role_x_Experience,India,Multi-Metro Calibrated,Other AI/Tech,Staff Security Engineer - Sailpoint,Lead / Staff (10-14 Years),Standard,1,12581000,12581000,12581000,12581000,13210050,13210050,13210050,13210050,11951950,11951950,11951950,11951950,11322900,11322900,11322900,11322900,10693850,10693850,10693850,10693850,11071280,11071280,11071280,11071280,175000.0,1.455,1.05,INR
Role_x_Experience,India,Multi-Metro Calibrated,Other AI/Tech,Staff Software Engineer - Applied Ai,Lead / Staff (10-14 Years),Standard,2,16850000,18423000,19996000,18423000,17692500,19344150,20995800,19344150,16007500,17501850,18996200,17501850,15165000,16580700,17996400,16580700,14322500,15659550,16996600,15659550,14828000,16212240,17596480,16212240,300000.0,1.455,1.05,INR
Role_x_Experience,India,Multi-Metro Calibrated,Other AI/Tech,Staff Software Engineer - Ml,Lead / Staff (10-14 Years),Standard,1,14918000,14918000,14918000,14918000,15663900,15663900,15663900,15663900,14172100,14172100,14172100,14172100,13426200,13426200,13426200,13426200,12680300,12680300,12680300,12680300,13127840,13127840,13127840,13127840,207500.0,1.455,1.05,INR
Role_x_Experience,India,Multi-Metro Calibrated,Other AI/Tech,Staff Software Engineer - Ruby On Rails,Lead / Staff (10-14 Years),Standard,1,10083000,10083000,10083000,10083000,10587150,10587150,10587150,10587150,9578850,9578850,9578850,9578850,9074700,9074700,9074700,9074700,8570550,8570550,8570550,8570550,8873040,8873040,8873040,8873040,165000.0,1.455,1.05,INR
Role_x_Experience,India,Multi-Metro Calibrated,Other AI/Tech,"Staff Software Engineer, Ai",Lead / Staff (10-14 Years),Standard,1,11458000,11458000,11458000,11458000,12030900,12030900,12030900,12030900,10885100,10885100,10885100,10885100,10312200,10312200,10312200,10312200,9739300,9739300,9739300,9739300,10083040,10083040,10083040,10083040,225000.0,1.455,1.05,INR
Role_x_Experience,India,Multi-Metro Calibrated,Other AI/Tech,"Staff Software Engineer, Ai/Ml Kernels",Lead / Staff (10-14 Years),Standard,2,16055000,16055000,16055000,16055000,16857750,16857750,16857750,16857750,15252250,15252250,15252250,15252250,14449500,14449500,14449500,14449500,13646750,13646750,13646750,13646750,14128400,14128400,14128400,14128400,223308.0,1.455,1.05,INR
Role_x_Experience,India,Multi-Metro Calibrated,Other AI/Tech,"Staff Software Engineer, Digital Supply Chain",Lead / Staff (10-14 Years),Standard,2,15960000,15960000,15960000,15960000,16758000,16758000,16758000,16758000,15162000,15162000,15162000,15162000,14364000,14364000,14364000,14364000,13566000,13566000,13566000,13566000,14044800,14044800,14044800,14044800,222000.0,1.455,1.05,INR
Role_x_Experience,India,Multi-Metro Calibrated,Other AI/Tech,"Staff Software Engineer, Infotainment Platform",Lead / Staff (10-14 Years),Standard,1,11402000,11402000,11402000,11402000,11972100,11972100,11972100,11972100,10831900,10831900,10831900,10831900,10261800,10261800,10261800,10261800,9691700,9691700,9691700,9691700,10033760,10033760,10033760,10033760,223890.0,1.455,1.05,INR
Role_x_Experience,India,Multi-Metro Calibrated,Other AI/Tech,"Staff Software Engineer, Infotainment Platform (Aosp)",Lead / Staff (10-14 Years),Standard,1,12222000,12222000,12222000,12222000,12833100,12833100,12833100,12833100,11610900,11610900,11610900,11610900,10999800,10999800,10999800,10999800,10388700,10388700,10388700,10388700,10755360,10755360,10755360,10755360,240000.0,1.455,1.05,INR
Role_x_Experience,India,Multi-Metro Calibrated,Other AI/Tech,"Staff Software Engineer, Infotainment Software",Lead / Staff (10-14 Years),Standard,1,16770000,16770000,16770000,16770000,17608500,17608500,17608500,17608500,15931500,15931500,15931500,15931500,15093000,15093000,15093000,15093000,14254500,14254500,14254500,14254500,14757600,14757600,14757600,14757600,233256.0,1.455,1.05,INR
Role_x_Experience,India,Multi-Metro Calibrated,Other AI/Tech,"Staff Software Engineer, Managed Ai",Lead / Staff (10-14 Years),Standard,1,12731000,12731000,12731000,12731000,13367550,13367550,13367550,13367550,12094450,12094450,12094450,12094450,11457900,11457900,11457900,11457900,10821350,10821350,10821350,10821350,11203280,11203280,11203280,11203280,250000.0,1.455,1.05,INR
Role_x_Experience,India,Multi-Metro Calibrated,Other AI/Tech,Staff Software Engineer- Ruby On Rails,Lead / Staff (10-14 Years),Standard,1,10083000,10083000,10083000,10083000,10587150,10587150,10587150,10587150,9578850,9578850,9578850,9578850,9074700,9074700,9074700,9074700,8570550,8570550,8570550,8570550,8873040,8873040,8873040,8873040,165000.0,1.455,1.05,INR
Role_x_Experience,India,Multi-Metro Calibrated,Other AI/Tech,"Staff Specialist, Regulatory Affairs",Lead / Staff (10-14 Years),Standard,1,5761000,5761000,5761000,5761000,6049050,6049050,6049050,6049050,5472950,5472950,5472950,5472950,5184900,5184900,5184900,5184900,4896850,4896850,4896850,4896850,5069680,5069680,5069680,5069680,106835.0,1.455,1.05,INR
Role_x_Experience,India,Multi-Metro Calibrated,Other AI/Tech,Staff Supply Chain Analyst,Lead / Staff (10-14 Years),Standard,2,6686000,6686000,6686000,6686000,7020300,7020300,7020300,7020300,6351700,6351700,6351700,6351700,6017400,6017400,6017400,6017400,5683100,5683100,5683100,5683100,5883680,5883680,5883680,5883680,124000.0,1.455,1.05,INR
Role_x_Experience,India,Multi-Metro Calibrated,Other AI/Tech,Staff Supply Chain Analytics,Lead / Staff (10-14 Years),Standard,4,10664000,11112000,11144000,10696000,11197200,11667600,11701200,11230800,10130800,10556400,10586800,10161200,9597600,10000800,10029600,9626400,9064400,9445200,9472400,9091600,9384320,9778560,9806720,9412480,154550.0,1.455,1.05,INR
Role_x_Experience,India,Multi-Metro Calibrated,Other AI/Tech,Staff Supply Chain Manager,Lead / Staff (10-14 Years),Standard,1,14379000,14379000,14379000,14379000,15097950,15097950,15097950,15097950,13660050,13660050,13660050,13660050,12941100,12941100,12941100,12941100,12222150,12222150,12222150,12222150,12653520,12653520,12653520,12653520,200000.0,1.455,1.05,INR
Role_x_Experience,India,Multi-Metro Calibrated,Other AI/Tech,"Staff Supply Chain Manager, Returnables",Lead / Staff (10-14 Years),Standard,2,11323000,11323000,11323000,11323000,11889150,11889150,11889150,11889150,10756850,10756850,10756850,10756850,10190700,10190700,10190700,10190700,9624550,9624550,9624550,9624550,9964240,9964240,9964240,9964240,157500.0,1.455,1.05,INR
Role_x_Experience,India,Multi-Metro Calibrated,Other AI/Tech,Staff Supply Chain Program Manager,Lead / Staff (10-14 Years),Standard,2,12384000,12384000,12384000,12384000,13003200,13003200,13003200,13003200,11764800,11764800,11764800,11764800,11145600,11145600,11145600,11145600,10526400,10526400,10526400,10526400,10897920,10897920,10897920,10897920,172250.0,1.455,1.05,INR
Role_x_Experience,India,Multi-Metro Calibrated,Other AI/Tech,Staff Supply Chain Specialist,Lead / Staff (10-14 Years),Standard,1,5271000,5271000,5271000,5271000,5534550,5534550,5534550,5534550,5007450,5007450,5007450,5007450,4743900,4743900,4743900,4743900,4480350,4480350,4480350,4480350,4638480,4638480,4638480,4638480,115000.0,1.455,1.05,INR
Role_x_Experience,India,Multi-Metro Calibrated,Other AI/Tech,Staff System Engineer - Powertrain,Lead / Staff (10-14 Years),Standard,1,11815000,11815000,11815000,11815000,12405750,12405750,12405750,12405750,11224250,11224250,11224250,11224250,10633500,10633500,10633500,10633500,10042750,10042750,10042750,10042750,10397200,10397200,10397200,10397200,232000.0,1.455,1.05,INR
Role_x_Experience,India,Multi-Metro Calibrated,Other AI/Tech,Staff Technical Product Manager - Ai/Ml,Lead / Staff (10-14 Years),Standard,1,14666000,14666000,14666000,14666000,15399300,15399300,15399300,15399300,13932700,13932700,13932700,13932700,13199400,13199400,13199400,13199400,12466100,12466100,12466100,12466100,12906080,12906080,12906080,12906080,204000.0,1.455,1.05,INR
Role_x_Experience,India,Multi-Metro Calibrated,Other AI/Tech,Staff Therapist (Non-Licensed Trainee),Lead / Staff (10-14 Years),Standard,1,1664000,1664000,1664000,1664000,1747200,1747200,1747200,1747200,1580800,1580800,1580800,1580800,1497600,1497600,1497600,1497600,1414400,1414400,1414400,1414400,1464320,1464320,1464320,1464320,51420.0,1.455,1.05,INR
Role_x_Experience,India,Multi-Metro Calibrated,Other AI/Tech,Staff Training And Development Manager,Lead / Staff (10-14 Years),Standard,1,6708000,6708000,6708000,6708000,7043400,7043400,7043400,7043400,6372600,6372600,6372600,6372600,6037200,6037200,6037200,6037200,5701800,5701800,5701800,5701800,5903040,5903040,5903040,5903040,124400.0,1.455,1.05,INR
Role_x_Experience,India,Multi-Metro Calibrated,Other AI/Tech,"Staff, Ai Ml Software Engineer",Lead / Staff (10-14 Years),Standard,1,17475000,17475000,17475000,17475000,18348750,18348750,18348750,18348750,16601250,16601250,16601250,16601250,15727500,15727500,15727500,15727500,14853750,14853750,14853750,14853750,15378000,15378000,15378000,15378000,243069.0,1.455,1.05,INR
Role_x_Experience,India,Multi-Metro Calibrated,Other AI/Tech,Technical Principal Product Manager - Convrsational Ai Exp,Lead / Staff (10-14 Years),Standard,1,16007000,16007000,16007000,16007000,16807350,16807350,16807350,16807350,15206650,15206650,15206650,15206650,14406300,14406300,14406300,14406300,13605950,13605950,13605950,13605950,14086160,14086160,14086160,14086160,222652.0,1.455,1.05,INR
Role_x_Experience,India,Multi-Metro Calibrated,Other AI/Tech,Web Developer / Ai Specialist,Senior (6-9 Years),Standard,1,5920000,5920000,5920000,5920000,6216000,6216000,6216000,6216000,5624000,5624000,5624000,5624000,5328000,5328000,5328000,5328000,5032000,5032000,5032000,5032000,5209600,5209600,5209600,5209600,124796.0,1.28,1.05,INR
